Date,SpeedW,Lat,Lon,Speed,Edate
01/01/202100:29:23,7.1kn(s),46.97823,-54.56137,7.1,1
01/01/202101:42:12,7.2kn(s),46.87061,-54.6991,7.2,1
01/01/202102:20:32,8.1kn(s),46.81137,-54.73102,8.1,1
01/01/202103:24:13,7.1kn(s),46.73556,-54.56855,7.1,1
01/01/202103:35:08,7.1kn(s),46.7226,-54.54425,7.1,1
01/01/202103:45:34,7.2kn(s),46.70906,-54.52105,7.2,1
01/01/202103:57:04,7.3kn(s),46.69369,-54.49591,7.3,1
01/01/202104:10:04,7.2kn(s),46.67582,-54.46832,7.2,1
01/01/202104:20:26,7.4kn(s),46.661,-54.44674,7.4,1
01/01/202104:30:54,7.3kn(s),46.64563,-54.42546,7.3,1
01/01/202104:41:58,7.2kn(s),46.63011,-54.40337,7.2,1
01/01/202104:52:37,7.1kn(s),46.61492,-54.38257,7.1,1
01/01/202105:04:14,7.2kn(s),46.59829,-54.35894,7.2,1
01/01/202105:19:33,7.1kn(s),46.57653,-54.32847,7.1,1
01/01/202105:30:26,7.1kn(s),46.56019,-54.30819,7.1,1
01/01/202105:41:23,7kn(s),46.5441,-54.28737,7,1
01/01/202105:52:02,7.2kn(s),46.52808,-54.26792,7.2,1
01/01/202106:02:23,7.3kn(s),46.51185,-54.24867,7.3,1
01/01/202106:12:45,7.2kn(s),46.49552,-54.22969,7.2,1
01/01/202106:23:08,7.1kn(s),46.47939,-54.21059,7.1,1
01/01/202106:33:44,7.1kn(s),46.46278,-54.19159,7.1,1
01/01/202106:44:22,6.9kn(s),46.44632,-54.17343,6.9,1
01/01/202106:55:06,7.1kn(s),46.4304,-54.15378,7.1,1
01/01/202107:06:15,7.3kn(s),46.41324,-54.13323,7.3,1
01/01/202107:17:06,7.3kn(s),46.39596,-54.1133,7.3,1
01/01/202107:28:13,7.4kn(s),46.37803,-54.09255,7.4,1
01/01/202107:38:36,7.6kn(s),46.36235,-54.07188,7.6,1
01/01/202107:49:04,7.4kn(s),46.35974,-54.04078,7.4,1
01/01/202107:59:23,7.5kn(s),46.35878,-54.00983,7.5,1
01/01/202108:21:03,7.5kn(s),46.3561,-53.94405,7.5,1
01/01/202108:31:44,7.5kn(s),46.35452,-53.91222,7.5,1
01/01/202108:41:56,7.5kn(s),46.35312,-53.88157,7.5,1
01/01/202108:52:54,7.3kn(s),46.35247,-53.84884,7.3,1
01/01/202109:04:23,7.2kn(s),46.35199,-53.81549,7.2,1
01/01/202109:15:27,7.2kn(s),46.35157,-53.7835,7.2,1
01/01/202109:26:04,7kn(s),46.3516,-53.75318,7,1
01/01/202109:36:36,7.1kn(s),46.35159,-53.72348,7.1,1
01/01/202109:46:46,7.1kn(s),46.35083,-53.69467,7.1,1
01/01/202110:08:16,6.9kn(s),46.34865,-53.63546,6.9,1
01/01/202110:24:03,6.9kn(s),46.34617,-53.5911,6.9,1
01/01/202110:34:34,6.9kn(s),46.34435,-53.56208,6.9,1
01/01/202110:45:24,6.8kn(s),46.3435,-53.53245,6.8,1
01/01/202110:55:53,6.6kn(s),46.34274,-53.50418,6.6,1
01/01/202111:06:34,6.7kn(s),46.34176,-53.47573,6.7,1
01/01/202111:27:55,6.6kn(s),46.33964,-53.41911,6.6,1
01/01/202111:38:37,6.8kn(s),46.33857,-53.39008,6.8,1
01/01/202111:49:22,5kn(s),46.33814,-53.36283,5,1
01/01/202112:00:15,3.6kn(s),46.33843,-53.34497,3.6,1
01/01/202112:10:46,4.7kn(s),46.33805,-53.3267,4.7,1
01/01/202112:21:24,5.1kn(s),46.33804,-53.30542,5.1,1
01/01/202112:32:14,5.3kn(s),46.33782,-53.28261,5.3,1
01/01/202112:42:35,5.3kn(s),46.33755,-53.26036,5.3,1
01/01/202112:53:14,5.5kn(s),46.33693,-53.23694,5.5,1
01/01/202113:03:54,5.3kn(s),46.33651,-53.21333,5.3,1
01/01/202113:14:36,5.6kn(s),46.33573,-53.19427,5.6,1
01/01/202113:25:27,7.4kn(s),46.33555,-53.16378,7.4,1
01/01/202113:36:15,7.5kn(s),46.33455,-53.13154,7.5,1
01/01/202113:46:45,7.6kn(s),46.33305,-53.09992,7.6,1
01/01/202113:57:25,7.6kn(s),46.33146,-53.06774,7.6,1
01/01/202114:08:07,7.3kn(s),46.32983,-53.0358,7.3,1
01/01/202114:23:27,7.3kn(s),46.32706,-52.99133,7.3,1
01/01/202114:34:35,6.9kn(s),46.32563,-52.95948,6.9,1
01/01/202114:45:14,7.2kn(s),46.32466,-52.9292,7.2,1
01/01/202114:56:04,7kn(s),46.32514,-52.89854,7,1
01/01/202115:06:56,7.1kn(s),46.32541,-52.86783,7.1,1
01/01/202115:22:52,7.2kn(s),46.32609,-52.82251,7.2,1
01/01/202115:33:46,7.3kn(s),46.32664,-52.791,7.3,1
01/01/202115:44:26,7.2kn(s),46.32675,-52.76016,7.2,1
01/01/202115:57:44,6.8kn(s),46.32646,-52.72299,6.8,1
01/01/202116:08:44,7kn(s),46.32615,-52.69281,7,1
01/01/202116:19:46,7kn(s),46.32585,-52.66208,7,1
01/01/202116:30:25,7kn(s),46.32534,-52.63212,7,1
01/01/202116:41:05,7.1kn(s),46.3249,-52.60207,7.1,1
01/01/202116:52:15,7kn(s),46.32409,-52.57015,7,1
01/01/202117:03:16,7.1kn(s),46.32332,-52.53912,7.1,1
01/01/202117:14:05,7.3kn(s),46.32265,-52.508,7.3,1
01/01/202117:25:47,7.4kn(s),46.32167,-52.47362,7.4,1
01/01/202117:46:33,7.8kn(s),46.32091,-52.40968,7.8,1
01/01/202118:16:34,7.9kn(s),46.31965,-52.315,7.9,1
01/01/202119:09:09,7.8kn(s),46.31678,-52.14987,7.8,1
01/01/202120:05:01,7.7kn(s),46.31236,-51.97807,7.7,1
01/01/202122:28:52,7.4kn(s),46.30075,-51.54676,7.4,1
01/01/202122:59:03,7.1kn(s),46.3022,-51.46087,7.1,1
02/01/202100:09:53,7.2kn(s),46.3031,-51.2542,7.2,2
02/01/202100:21:13,7.3kn(s),46.30399,-51.22141,7.3,2
02/01/202102:01:42,7.3kn(s),46.29577,-50.92668,7.3,2
02/01/202102:41:23,7.2kn(s),46.28931,-50.81215,7.2,2
02/01/202105:00:02,6.1kn(s),46.31147,-50.44312,6.1,2
02/01/202106:10:12,5.7kn(s),46.34918,-50.28672,5.7,2
02/01/202106:20:32,5.7kn(s),46.35614,-50.26517,5.7,2
02/01/202106:41:54,5.8kn(s),46.37064,-50.22111,5.8,2
02/01/202107:30:13,5.5kn(s),46.40429,-50.12102,5.5,2
02/01/202108:33:51,6kn(s),46.43625,-49.97828,6,2
02/01/202109:55:39,5.9kn(s),46.48279,-49.80871,5.9,2
02/01/202112:39:22,5.9kn(s),46.57144,-49.43264,5.9,2
02/01/202116:23:22,3.9kn(s),46.7191,-49.0825,3.9,2
02/01/202116:50:56,2.6kn(s),46.73901,-49.04924,2.6,2
02/01/202119:09:23,1.9kn(s),46.70669,-49.1591,1.9,2
02/01/202119:26:50,2kn(s),46.70345,-49.17196,2,2
02/01/202119:42:43,2.2kn(s),46.70037,-49.18487,2.2,2
02/01/202120:51:53,1.6kn(s),46.69503,-49.24575,1.6,2
02/01/202121:31:23,1.4kn(s),46.69834,-49.264,1.4,2
02/01/202122:15:22,3.4kn(s),46.7061,-49.30112,3.4,2
02/01/202122:35:43,2.2kn(s),46.71293,-49.32623,2.2,2
03/01/202100:19:53,1.5kn(s),46.71252,-49.39717,1.5,3
03/01/202102:48:22,2.7kn(s),46.72001,-49.34678,2.7,3
03/01/202103:59:04,2.4kn(s),46.73123,-49.27644,2.4,3
03/01/202104:32:53,2.4kn(s),46.73717,-49.24547,2.4,3
03/01/202105:08:13,2.5kn(s),46.74269,-49.21281,2.5,3
03/01/202106:34:02,1.7kn(s),46.7581,-49.14436,1.7,3
03/01/202109:12:20,3.6kn(s),46.77299,-48.79713,3.6,3
03/01/202111:05:23,.6kn(s),46.75467,-48.76558,0.6,3
03/01/202111:45:43,.2kn(s),46.74924,-48.77055,0.2,3
05/01/202123:25:02,12.5kn(s),46.64693,-49.01667,12.5,5
05/01/202123:49:43,13kn(s),46.61888,-49.13835,13,5
06/01/202100:36:52,13.4kn(s),46.56676,-49.37811,13.4,6
06/01/202101:06:23,13.2kn(s),46.53385,-49.5288,13.2,6
06/01/202101:42:44,13.2kn(s),46.49236,-49.71261,13.2,6
06/01/202103:26:02,13.5kn(s),46.37034,-50.24135,13.5,6
06/01/202103:59:52,13.4kn(s),46.32817,-50.41412,13.4,6
06/01/202105:15:43,13.5kn(s),46.29124,-50.81077,13.5,6
06/01/202105:46:03,13.6kn(s),46.29235,-50.97568,13.6,6
06/01/202106:33:44,13.4kn(s),46.28873,-51.23011,13.4,6
06/01/202107:06:23,13.3kn(s),46.28633,-51.40488,13.3,6
06/01/202107:40:53,13.4kn(s),46.28392,-51.58934,13.4,6
06/01/202108:18:43,13.1kn(s),46.28047,-51.79083,13.1,6
06/01/202110:22:15,13.4kn(s),46.28607,-52.44853,13.4,6
06/01/202110:32:42,13.6kn(s),46.28664,-52.50541,13.6,6
06/01/202110:47:03,13.6kn(s),46.28646,-52.58384,13.6,6
06/01/202111:01:58,13.5kn(s),46.28596,-52.6642,13.5,6
06/01/202111:14:17,13.7kn(s),46.28499,-52.73139,13.7,6
06/01/202111:24:54,13.5kn(s),46.28421,-52.78961,13.5,6
06/01/202111:36:36,13.3kn(s),46.28359,-52.85296,13.3,6
06/01/202111:46:56,12.2kn(s),46.28276,-52.90559,12.2,6
06/01/202111:58:54,11.5kn(s),46.28193,-52.96253,11.5,6
06/01/202112:09:35,11.1kn(s),46.28176,-53.01084,11.1,6
06/01/202112:20:05,10.7kn(s),46.28249,-53.05677,10.7,6
06/01/202112:30:24,10.3kn(s),46.28387,-53.10023,10.3,6
06/01/202112:40:56,9.7kn(s),46.28451,-53.14211,9.7,6
06/01/202112:51:26,9.5kn(s),46.28462,-53.18229,9.5,6
06/01/202113:01:55,9.4kn(s),46.28392,-53.22188,9.4,6
06/01/202113:23:35,9.5kn(s),46.2818,-53.30378,9.5,6
06/01/202113:34:36,9.4kn(s),46.28097,-53.34546,9.4,6
06/01/202113:45:26,9.2kn(s),46.27976,-53.38567,9.2,6
06/01/202114:01:07,9.3kn(s),46.27799,-53.44348,9.3,6
06/01/202114:11:33,9.5kn(s),46.27689,-53.48293,9.5,6
06/01/202114:22:34,9.7kn(s),46.27614,-53.52521,9.7,6
06/01/202114:33:47,9.5kn(s),46.27568,-53.56822,9.5,6
06/01/202114:44:06,9.3kn(s),46.2761,-53.60694,9.3,6
06/01/202114:54:55,9kn(s),46.27656,-53.64634,9,6
06/01/202115:05:05,8.8kn(s),46.277,-53.68243,8.8,6
06/01/202115:15:34,8.8kn(s),46.27775,-53.71952,8.8,6
06/01/202115:26:04,8.7kn(s),46.27863,-53.75639,8.7,6
06/01/202115:36:56,8.8kn(s),46.27943,-53.79454,8.8,6
06/01/202115:48:25,8.7kn(s),46.28012,-53.83488,8.7,6
06/01/202116:00:57,8.4kn(s),46.28777,-53.87476,8.4,6
06/01/202116:15:13,8.7kn(s),46.30711,-53.91545,8.7,6
06/01/202116:25:37,9kn(s),46.32115,-53.94617,9,6
06/01/202116:46:37,9kn(s),46.34943,-54.01107,9,6
06/01/202116:57:14,9.1kn(s),46.36335,-54.0441,9.1,6
06/01/202117:07:26,9.1kn(s),46.37675,-54.07563,9.1,6
06/01/202117:17:44,9kn(s),46.39031,-54.10754,9,6
06/01/202117:27:56,9.1kn(s),46.40378,-54.13919,9.1,6
06/01/202117:38:25,9.2kn(s),46.41768,-54.17216,9.2,6
06/01/202117:53:24,9.1kn(s),46.43765,-54.21922,9.1,6
06/01/202118:04:15,9kn(s),46.45223,-54.2527,9,6
06/01/202118:14:53,9kn(s),46.46647,-54.2854,9,6
06/01/202118:25:24,9kn(s),46.48027,-54.31774,9,6
06/01/202118:36:54,8.9kn(s),46.49511,-54.35325,8.9,6
06/01/202118:47:54,8.9kn(s),46.50917,-54.38708,8.9,6
06/01/202118:58:36,8.9kn(s),46.52303,-54.41984,8.9,6
06/01/202119:09:23,8.8kn(s),46.5367,-54.45314,8.8,6
06/01/202119:21:12,8.8kn(s),46.55151,-54.48898,8.8,6
06/01/202119:32:14,8.8kn(s),46.56571,-54.52203,8.8,6
06/01/202119:56:54,5kn(s),46.59434,-54.59002,5,6
06/01/202120:18:17,4.7kn(s),46.59882,-54.63139,4.7,6
06/01/202120:44:30,4.7kn(s),46.60516,-54.6806,4.7,6
06/01/202120:57:16,4.8kn(s),46.60774,-54.70455,4.8,6
06/01/202121:39:23,5.5kn(s),46.61663,-54.78524,5.5,6
06/01/202122:06:54,8.3kn(s),46.65815,-54.75136,8.3,6
06/01/202122:21:22,9.1kn(s),46.68617,-54.72107,9.1,6
06/01/202122:46:15,9.4kn(s),46.73777,-54.66412,9.4,6
06/01/202122:57:13,8.9kn(s),46.76025,-54.64058,8.9,6
06/01/202123:22:14,8.9kn(s),46.80996,-54.58761,8.9,6
06/01/202123:32:35,8.8kn(s),46.83011,-54.56536,8.8,6
06/01/202123:44:14,9.1kn(s),46.85298,-54.53958,9.1,6
07/01/202100:01:14,10kn(s),46.88863,-54.49928,10,7
07/01/202100:11:55,10.4kn(s),46.9141,-54.47508,10.4,7
07/01/202100:28:26,10.5kn(s),46.95432,-54.43719,10.5,7
07/01/202102:06:24,11.8kn(s),47.19448,-54.21171,11.8,7
07/01/202102:26:22,13kn(s),47.25353,-54.15897,13,7
07/01/202103:29:14,10.7kn(s),47.41347,-54.06491,10.7,7
07/01/202103:51:34,11kn(s),47.476,-54.0279,11,7
07/01/202104:07:44,10.7kn(s),47.52236,-54.00442,10.7,7
07/01/202104:21:56,10.9kn(s),47.56427,-54.01154,10.9,7
07/01/202104:33:07,11.1kn(s),47.59797,-54.0206,11.1,7
07/01/202104:43:27,8.8kn(s),47.62572,-54.02965,8.8,7
07/01/202104:54:13,7kn(s),47.64814,-54.03679,7,7
07/01/202105:06:04,6kn(s),47.66874,-54.0423,6,7
07/01/202105:16:37,5.9kn(s),47.68582,-54.04703,5.9,7
07/01/202105:27:03,5.8kn(s),47.70279,-54.05141,5.8,7
07/01/202105:38:47,5.8kn(s),47.72129,-54.05265,5.8,7
07/01/202105:53:53,5.7kn(s),47.74554,-54.05228,5.7,7
07/01/202106:09:12,4.3kn(s),47.76667,-54.04485,4.3,7
07/01/202106:23:29,2.8kn(s),47.77576,-54.0298,2.8,7
07/01/202106:34:54,.7kn(s),47.77489,-54.02125,0.7,7
07/01/202106:45:04,.9kn(s),47.77519,-54.01744,0.9,7
07/01/202108:25:45,0kn(s),47.77466,-54.01571,0,7
07/01/202108:46:46,0kn(s),47.77466,-54.0157,0,7
07/01/202109:07:57,0kn(s),47.77466,-54.0157,0,7
07/01/202109:28:55,0kn(s),47.77465,-54.01569,0,7
07/01/202109:49:58,0kn(s),47.77466,-54.01569,0,7
07/01/202110:31:56,0kn(s),47.77466,-54.01568,0,7
07/01/202110:52:47,0kn(s),47.77466,-54.01569,0,7
07/01/202111:13:54,0kn(s),47.77466,-54.01569,0,7
07/01/202111:34:48,0kn(s),47.77465,-54.01569,0,7
07/01/202111:56:00,0kn(s),47.77465,-54.01569,0,7
07/01/202112:16:52,0kn(s),47.77465,-54.01569,0,7
07/01/202113:19:45,0kn(s),47.77466,-54.01569,0,7
07/01/202113:40:54,0kn(s),47.77466,-54.0157,0,7
07/01/202114:01:58,0kn(s),47.77464,-54.0157,0,7
07/01/202114:22:56,0kn(s),47.77465,-54.01569,0,7
07/01/202114:43:45,0kn(s),47.77466,-54.01569,0,7
07/01/202115:07:54,0kn(s),47.77466,-54.01569,0,7
07/01/202115:28:47,0kn(s),47.77466,-54.01569,0,7
07/01/202116:31:46,0kn(s),47.77465,-54.01569,0,7
07/01/202116:53:00,0kn(s),47.77465,-54.01569,0,7
07/01/202117:13:56,0kn(s),47.77466,-54.01569,0,7
07/01/202117:34:57,0kn(s),47.77466,-54.01569,0,7
07/01/202117:55:46,0kn(s),47.77466,-54.01569,0,7
07/01/202118:16:51,0kn(s),47.77466,-54.01569,0,7
07/01/202119:19:58,0kn(s),47.77466,-54.01569,0,7
07/01/202119:40:44,0kn(s),47.77466,-54.01569,0,7
07/01/202120:01:58,0kn(s),47.77466,-54.01569,0,7
07/01/202120:22:53,0kn(s),47.77465,-54.01569,0,7
07/01/202120:43:49,0kn(s),47.77466,-54.01569,0,7
07/01/202121:46:52,0kn(s),47.77464,-54.01569,0,7
07/01/202122:07:02,0kn(s),47.77465,-54.01569,0,7
07/01/202122:28:56,0kn(s),47.77466,-54.01569,0,7
07/01/202122:52:44,0kn(s),47.77466,-54.01569,0,7
07/01/202123:12:48,0kn(s),47.77466,-54.01569,0,7
07/01/202123:34:45,0kn(s),47.77466,-54.01569,0,7
07/01/202123:54:56,0kn(s),47.77466,-54.01569,0,7
08/01/202101:22:50,0kn(s),47.77466,-54.01569,0,8
08/01/202102:10:49,0kn(s),47.77466,-54.01568,0,8
08/01/202102:34:59,0kn(s),47.77466,-54.01568,0,8
08/01/202102:58:45,0kn(s),47.77466,-54.01566,0,8
08/01/202103:22:49,0kn(s),47.77466,-54.01568,0,8
08/01/202103:47:01,0kn(s),47.77465,-54.01568,0,8
08/01/202104:10:47,0kn(s),47.77465,-54.01568,0,8
08/01/202104:34:55,0kn(s),47.77466,-54.01568,0,8
08/01/202104:58:44,0kn(s),47.77466,-54.01568,0,8
08/01/202105:22:55,0kn(s),47.77465,-54.01568,0,8
08/01/202105:46:50,0kn(s),47.77465,-54.01568,0,8
08/01/202106:28:29,0kn(s),47.77465,-54.01569,0,8
08/01/202106:48:59,0kn(s),47.77465,-54.01569,0,8
08/01/202107:09:29,0kn(s),47.77466,-54.01568,0,8
08/01/202107:30:27,0kn(s),47.77465,-54.01568,0,8
08/01/202107:44:51,4.4kn(s),47.77519,-54.02392,4.4,8
08/01/202107:55:10,8.5kn(s),47.76453,-54.05045,8.5,8
08/01/202108:08:19,11.5kn(s),47.72715,-54.05535,11.5,8
08/01/202108:19:18,12.2kn(s),47.69146,-54.05126,12.2,8
08/01/202108:29:49,12.8kn(s),47.65561,-54.04136,12.8,8
08/01/202108:40:12,13.5kn(s),47.61831,-54.03206,13.5,8
08/01/202108:52:11,14kn(s),47.57314,-54.0218,14,8
08/01/202109:14:59,14.3kn(s),47.49481,-54.02241,14.3,8
08/01/202109:54:08,9kn(s),47.36533,-54.11247,9,8
08/01/202110:15:09,11.8kn(s),47.31329,-54.16736,11.8,8
08/01/202110:35:59,12.4kn(s),47.2578,-54.23075,12.4,8
08/01/202110:56:50,12.7kn(s),47.20027,-54.29423,12.7,8
08/01/202113:20:20,11.2kn(s),46.81457,-54.74699,11.2,8
08/01/202114:03:33,13kn(s),46.73345,-54.55607,13,8
08/01/202114:16:31,12.8kn(s),46.70695,-54.50153,12.8,8
08/01/202114:27:35,12.5kn(s),46.68404,-54.45588,12.5,8
08/01/202114:38:13,12.7kn(s),46.6627,-54.41235,12.7,8
08/01/202114:48:35,12.4kn(s),46.6418,-54.3691,12.4,8
08/01/202115:00:13,12.9kn(s),46.6211,-54.318,12.9,8
08/01/202115:12:20,12.3kn(s),46.59989,-54.26434,12.3,8
08/01/202115:27:02,13.9kn(s),46.62014,-54.19485,13.9,8
08/01/202115:37:51,13.7kn(s),46.64066,-54.14295,13.7,8
08/01/202116:03:43,13.4kn(s),46.68846,-54.01936,13.4,8
08/01/202116:14:23,13.6kn(s),46.70553,-53.96592,13.6,8
08/01/202116:24:55,14.1kn(s),46.72254,-53.91159,14.1,8
08/01/202116:35:16,14.3kn(s),46.73921,-53.85755,14.3,8
08/01/202116:45:29,14kn(s),46.76802,-53.82511,14,8
08/01/202116:55:57,14.4kn(s),46.80808,-53.80953,14.4,8
08/01/202117:11:29,14kn(s),46.86736,-53.78469,14,8
08/01/202117:22:05,12.8kn(s),46.90545,-53.77193,12.8,8
08/01/202117:33:02,11.6kn(s),46.94137,-53.75955,11.6,8
08/01/202118:15:26,9.8kn(s),47.05125,-53.69038,9.8,8
08/01/202119:47:31,.3kn(s),47.05631,-53.61995,0.3,8
08/01/202123:36:41,.2kn(s),47.05572,-53.61918,0.2,8
10/01/202104:30:42,.5kn(s),47.05181,-53.6198,0.5,10
10/01/202109:41:58,0kn(s),47.05153,-53.62402,0,10
10/01/202119:54:25,10.1kn(s),47.05854,-53.686,10.1,10
10/01/202120:17:46,11.4kn(s),46.9968,-53.74242,11.4,10
10/01/202120:28:08,11.7kn(s),46.96549,-53.7584,11.7,10
10/01/202120:39:04,11.7kn(s),46.93195,-53.7761,11.7,10
10/01/202120:50:05,11.5kn(s),46.89871,-53.79346,11.5,10
10/01/202121:00:44,11.5kn(s),46.86671,-53.81039,11.5,10
10/01/202121:18:24,11.6kn(s),46.81366,-53.83805,11.6,10
10/01/202121:37:25,11.1kn(s),46.75759,-53.86859,11.1,10
10/01/202121:49:28,11.3kn(s),46.72263,-53.88777,11.3,10
10/01/202122:04:27,11.2kn(s),46.67847,-53.91082,11.2,10
10/01/202122:14:39,10.9kn(s),46.64843,-53.9184,10.9,10
10/01/202122:25:16,10.1kn(s),46.61961,-53.90736,10.1,10
10/01/202122:36:05,7.8kn(s),46.59692,-53.8894,7.8,10
10/01/202122:47:04,7.3kn(s),46.57666,-53.8734,7.3,10
10/01/202122:58:05,7kn(s),46.55796,-53.85653,7,10
10/01/202123:08:57,7.1kn(s),46.54022,-53.83922,7.1,10
10/01/202123:29:46,6.7kn(s),46.50831,-53.80592,6.7,10
10/01/202123:40:28,6.8kn(s),46.49218,-53.78868,6.8,10
10/01/202123:51:36,6.8kn(s),46.47516,-53.7705,6.8,10
11/01/202100:04:07,6.7kn(s),46.45649,-53.74996,6.7,11
11/01/202100:14:46,6.4kn(s),46.44129,-53.73282,6.4,11
11/01/202100:25:24,6.3kn(s),46.4266,-53.71561,6.3,11
11/01/202100:36:44,6.6kn(s),46.41071,-53.6972,6.6,11
11/01/202100:47:16,6.5kn(s),46.39581,-53.67979,6.5,11
11/01/202100:57:47,6.3kn(s),46.38119,-53.66288,6.3,11
11/01/202101:08:15,6.5kn(s),46.36659,-53.64572,6.5,11
11/01/202101:19:23,6.5kn(s),46.35098,-53.62744,6.5,11
11/01/202101:30:07,6.6kn(s),46.33488,-53.61153,6.6,11
11/01/202101:40:16,6.5kn(s),46.31946,-53.59678,6.5,11
11/01/202101:50:44,6.7kn(s),46.30366,-53.58116,6.7,11
11/01/202102:01:07,6.1kn(s),46.2906,-53.56296,6.1,11
11/01/202102:11:38,6kn(s),46.28442,-53.54044,6,11
11/01/202102:21:59,6.4kn(s),46.28193,-53.51437,6.4,11
11/01/202102:32:27,6.5kn(s),46.28003,-53.48732,6.5,11
11/01/202102:43:28,6.5kn(s),46.27969,-53.45892,6.5,11
11/01/202102:54:16,6.4kn(s),46.27985,-53.43091,6.4,11
11/01/202103:05:17,6.2kn(s),46.27993,-53.40311,6.2,11
11/01/202103:42:14,6.1kn(s),46.28058,-53.31313,6.1,11
11/01/202103:53:16,6.1kn(s),46.2806,-53.28643,6.1,11
11/01/202104:03:47,5.8kn(s),46.28045,-53.2612,5.8,11
11/01/202104:14:46,6kn(s),46.28016,-53.23508,6,11
11/01/202104:25:27,5.8kn(s),46.27984,-53.21023,5.8,11
11/01/202104:36:36,5.7kn(s),46.27953,-53.18436,5.7,11
11/01/202104:47:47,5.4kn(s),46.28049,-53.15952,5.4,11
11/01/202105:02:06,5.3kn(s),46.28175,-53.12889,5.3,11
11/01/202105:13:44,5.1kn(s),46.28275,-53.10467,5.1,11
11/01/202105:26:28,5kn(s),46.28537,-53.07908,5,11
11/01/202105:36:57,5.2kn(s),46.29023,-53.05861,5.2,11
11/01/202105:47:25,5.2kn(s),46.29574,-53.03854,5.2,11
11/01/202105:59:16,5.1kn(s),46.30172,-53.0158,5.1,11
11/01/202106:09:37,5.3kn(s),46.30678,-52.99581,5.3,11
11/01/202106:25:07,5.6kn(s),46.3061,-52.96194,5.6,11
11/01/202106:40:58,5.7kn(s),46.29975,-52.92666,5.7,11
11/01/202106:51:34,5.7kn(s),46.29555,-52.90301,5.7,11
11/01/202107:02:18,5.5kn(s),46.2929,-52.8796,5.5,11
11/01/202107:13:06,5.2kn(s),46.29018,-52.85712,5.2,11
11/01/202107:23:49,5.3kn(s),46.2877,-52.83503,5.3,11
11/01/202107:34:26,4.9kn(s),46.2855,-52.81312,4.9,11
11/01/202107:44:47,5.1kn(s),46.28387,-52.79329,5.1,11
11/01/202107:55:25,4.8kn(s),46.28383,-52.77172,4.8,11
11/01/202108:11:25,4.8kn(s),46.28352,-52.74116,4.8,11
11/01/202108:21:54,5.1kn(s),46.28289,-52.72082,5.1,11
11/01/202108:37:47,5.6kn(s),46.28297,-52.68693,5.6,11
11/01/202108:50:05,5.7kn(s),46.28329,-52.65973,5.7,11
11/01/202109:01:25,6.4kn(s),46.28468,-52.632,6.4,11
11/01/202109:21:04,6.9kn(s),46.28727,-52.5795,6.9,11
11/01/202111:10:23,6.8kn(s),46.29333,-52.2899,6.8,11
11/01/202113:51:04,10.5kn(s),46.28437,-51.73456,10.5,11
11/01/202115:09:14,13.9kn(s),46.235,-51.39838,13.9,11
11/01/202115:46:19,14.2kn(s),46.15748,-51.21993,14.2,11
11/01/202116:25:48,14.1kn(s),46.07555,-51.0318,14.1,11
11/01/202118:09:20,14.3kn(s),45.8553,-50.53876,14.3,11
11/01/202119:52:34,6.4kn(s),45.71964,-50.11812,6.4,11
11/01/202120:28:34,7.9kn(s),45.77534,-50.04757,7.9,11
11/01/202120:42:41,9.2kn(s),45.80164,-50.01659,9.2,11
11/01/202121:46:43,5.6kn(s),45.90971,-49.88681,5.6,11
11/01/202122:17:35,8kn(s),45.94923,-49.8289,8,11
11/01/202122:52:25,8kn(s),46.00599,-49.74941,8,11
12/01/202101:15:24,4.7kn(s),46.18526,-49.47082,4.7,12
12/01/202101:50:14,4.8kn(s),46.21243,-49.42254,4.8,12
12/01/202102:19:04,4.4kn(s),46.23407,-49.38337,4.4,12
12/01/202102:55:54,3.9kn(s),46.2615,-49.33688,3.9,12
12/01/202104:17:14,3.1kn(s),46.30557,-49.2551,3.1,12
12/01/202105:25:43,3kn(s),46.34212,-49.18834,3,12
12/01/202106:01:05,3kn(s),46.35907,-49.15447,3,12
12/01/202106:34:24,2.9kn(s),46.37694,-49.12824,2.9,12
12/01/202107:27:52,2.7kn(s),46.41016,-49.08886,2.7,12
12/01/202108:18:14,3.4kn(s),46.44543,-49.04766,3.4,12
12/01/202108:37:14,3.2kn(s),46.45794,-49.02909,3.2,12
12/01/202108:55:35,3.7kn(s),46.47037,-49.01222,3.7,12
12/01/202109:13:10,3.7kn(s),46.48362,-48.99542,3.7,12
12/01/202109:26:55,3.4kn(s),46.49305,-48.98153,3.4,12
12/01/202111:08:15,2.6kn(s),46.52804,-48.89458,2.6,12
12/01/202112:02:34,1.9kn(s),46.54294,-48.84952,1.9,12
12/01/202114:41:13,3kn(s),46.72432,-48.7181,3,12
12/01/202114:52:03,4kn(s),46.73153,-48.72609,4,12
12/01/202115:28:14,.7kn(s),46.73942,-48.74519,0.7,12
12/01/202116:37:14,0kn(s),46.73817,-48.74757,0,12
14/01/202118:39:47,10.4kn(s),46.63591,-49.05718,10.4,14
14/01/202118:52:17,10.3kn(s),46.62406,-49.10674,10.3,14
14/01/202119:15:27,10.2kn(s),46.6022,-49.19694,10.2,14
14/01/202119:49:38,10.4kn(s),46.57131,-49.33152,10.4,14
14/01/202120:03:15,10.3kn(s),46.55876,-49.38571,10.3,14
14/01/202121:45:06,10.3kn(s),46.46995,-49.78945,10.3,14
14/01/202122:16:17,10.5kn(s),46.44324,-49.91418,10.5,14
14/01/202122:52:59,10.1kn(s),46.4134,-50.06103,10.1,14
15/01/202100:00:39,10.4kn(s),46.35159,-50.3269,10.4,15
15/01/202100:36:37,10.2kn(s),46.31825,-50.46823,10.2,15
15/01/202101:12:47,10.7kn(s),46.29148,-50.61151,10.7,15
15/01/202101:46:28,10.5kn(s),46.29117,-50.75411,10.5,15
15/01/202101:59:37,10.3kn(s),46.29083,-50.80924,10.3,15
15/01/202102:23:26,10kn(s),46.29046,-50.90572,10,15
15/01/202102:36:17,10.2kn(s),46.29069,-50.95735,10.2,15
15/01/202103:08:18,10.3kn(s),46.2882,-51.08964,10.3,15
15/01/202103:44:28,10kn(s),46.28677,-51.23643,10,15
15/01/202104:52:17,10.3kn(s),46.28421,-51.51396,10.3,15
15/01/202105:25:48,10.4kn(s),46.28188,-51.65326,10.4,15
15/01/202107:13:08,11kn(s),46.28319,-52.1162,11,15
15/01/202107:38:43,11.1kn(s),46.28348,-52.22989,11.1,15
15/01/202107:50:18,11.2kn(s),46.28401,-52.28158,11.2,15
15/01/202109:02:52,11.6kn(s),46.28612,-52.61171,11.6,15
15/01/202109:15:18,11.6kn(s),46.28571,-52.66976,11.6,15
15/01/202109:28:49,11.6kn(s),46.28529,-52.73257,11.6,15
15/01/202109:39:58,11.6kn(s),46.28489,-52.78438,11.6,15
15/01/202109:50:50,11.6kn(s),46.28396,-52.83476,11.6,15
15/01/202110:01:17,11.6kn(s),46.28267,-52.88361,11.6,15
15/01/202110:11:41,11.9kn(s),46.28127,-52.93245,11.9,15
15/01/202110:22:18,12kn(s),46.27913,-52.98347,12,15
15/01/202110:33:10,12.2kn(s),46.27655,-53.03617,12.2,15
15/01/202110:55:01,12kn(s),46.27608,-53.14242,12,15
15/01/202111:06:11,11.4kn(s),46.27677,-53.19513,11.4,15
15/01/202111:27:59,10.3kn(s),46.27869,-53.28885,10.3,15
15/01/202111:38:29,10.4kn(s),46.2798,-53.33237,10.4,15
15/01/202111:49:12,10.3kn(s),46.28094,-53.37645,10.3,15
15/01/202112:04:19,10.3kn(s),46.28228,-53.43919,10.3,15
15/01/202112:15:00,10.3kn(s),46.28216,-53.4833,10.3,15
15/01/202112:25:59,10kn(s),46.28167,-53.52783,10,15
15/01/202112:36:39,9.9kn(s),46.28132,-53.5705,9.9,15
15/01/202112:47:20,9.8kn(s),46.28083,-53.61268,9.8,15
15/01/202112:58:50,9.8kn(s),46.28008,-53.65776,9.8,15
15/01/202113:09:37,9.8kn(s),46.27948,-53.70032,9.8,15
15/01/202113:20:29,9.8kn(s),46.27926,-53.74289,9.8,15
15/01/202113:30:59,9.7kn(s),46.27874,-53.78388,9.7,15
15/01/202113:41:49,9.7kn(s),46.27838,-53.82608,9.7,15
15/01/202113:52:20,8.9kn(s),46.28103,-53.86511,8.9,15
15/01/202114:03:09,9.4kn(s),46.29555,-53.89901,9.4,15
15/01/202114:14:10,9.6kn(s),46.31167,-53.93405,9.6,15
15/01/202114:24:59,9.7kn(s),46.32766,-53.96916,9.7,15
15/01/202114:35:28,9.1kn(s),46.34289,-54.00236,9.1,15
15/01/202114:40:49,8.9kn(s),46.35009,-54.01844,8.9,15
15/01/202114:52:01,8.7kn(s),46.36496,-54.05152,8.7,15
15/01/202115:02:20,7.9kn(s),46.37805,-54.08016,7.9,15
15/01/202115:13:31,7.4kn(s),46.39045,-54.10918,7.4,15
15/01/202115:24:20,6.9kn(s),46.40146,-54.13542,6.9,15
15/01/202115:34:59,6.6kn(s),46.41147,-54.16019,6.6,15
15/01/202115:45:48,6.5kn(s),46.42131,-54.18492,6.5,15
15/01/202115:56:30,6.5kn(s),46.43091,-54.20926,6.5,15
15/01/202116:07:17,6.6kn(s),46.44076,-54.23409,6.6,15
15/01/202116:23:29,6.6kn(s),46.4559,-54.27134,6.6,15
15/01/202116:34:31,6.5kn(s),46.46603,-54.29633,6.5,15
15/01/202116:45:12,6.4kn(s),46.47558,-54.32026,6.4,15
15/01/202116:55:49,6.3kn(s),46.4853,-54.34352,6.3,15
15/01/202117:06:29,6.3kn(s),46.49513,-54.36646,6.3,15
15/01/202117:17:01,6.2kn(s),46.50531,-54.38838,6.2,15
15/01/202117:27:52,6.3kn(s),46.51579,-54.41119,6.3,15
15/01/202117:38:51,6.3kn(s),46.52664,-54.43444,6.3,15
15/01/202117:49:31,6.3kn(s),46.53721,-54.45703,6.3,15
15/01/202118:04:30,6.4kn(s),46.55212,-54.48883,6.4,15
15/01/202118:15:40,6.3kn(s),46.56314,-54.51222,6.3,15
15/01/202118:26:20,6.3kn(s),46.57378,-54.53446,6.3,15
15/01/202118:37:28,6.3kn(s),46.58511,-54.5573,6.3,15
15/01/202120:14:38,6.8kn(s),46.69855,-54.65622,6.8,15
15/01/202123:04:09,6.1kn(s),46.96542,-54.42613,6.1,15
16/01/202100:47:58,6.4kn(s),47.08917,-54.34338,6.4,16
16/01/202101:04:55,7kn(s),47.10554,-54.38512,7,16
16/01/202101:30:27,7.4kn(s),47.07036,-54.44403,7.4,16
16/01/202102:00:27,7.5kn(s),47.02502,-54.50608,7.5,16
16/01/202102:12:28,7.5kn(s),47.00612,-54.53047,7.5,16
16/01/202102:46:38,7.5kn(s),46.9543,-54.60165,7.5,16
16/01/202103:55:47,6.3kn(s),46.85354,-54.74061,6.3,16
16/01/202104:29:17,5.6kn(s),46.8088,-54.78022,5.6,16
16/01/202106:34:47,5.6kn(s),46.60955,-54.83412,5.6,16
16/01/202106:50:37,5.1kn(s),46.5869,-54.8309,5.1,16
16/01/202107:22:19,5kn(s),46.54247,-54.82234,5,16
16/01/202108:15:27,3.1kn(s),46.49331,-54.78665,3.1,16
16/01/202109:56:28,2.4kn(s),46.57853,-54.76031,2.4,16
16/01/202111:40:56,4.3kn(s),46.6324,-54.73584,4.3,16
16/01/202112:59:49,8.9kn(s),46.6761,-54.65208,8.9,16
16/01/202113:16:48,9.9kn(s),46.71861,-54.63537,9.9,16
16/01/202113:54:47,11.5kn(s),46.82458,-54.56343,11.5,16
16/01/202114:29:11,11.8kn(s),46.91898,-54.47742,11.8,16
16/01/202116:08:10,11.9kn(s),47.19221,-54.21284,11.9,16
16/01/202116:28:20,12kn(s),47.2481,-54.15957,12,16
16/01/202116:45:39,12.2kn(s),47.29946,-54.11592,12.2,16
16/01/202117:08:59,6.6kn(s),47.33669,-54.08449,6.6,16
16/01/202117:29:57,8.5kn(s),47.383,-54.08558,8.5,16
16/01/202117:50:40,9.5kn(s),47.4311,-54.06014,9.5,16
16/01/202118:11:50,10.8kn(s),47.48712,-54.02909,10.8,16
16/01/202118:33:48,11kn(s),47.55037,-54.012,11,16
16/01/202118:47:39,9.2kn(s),47.59036,-54.02249,9.2,16
16/01/202118:59:00,6.5kn(s),47.61335,-54.02882,6.5,16
16/01/202119:10:40,5.9kn(s),47.63245,-54.03409,5.9,16
16/01/202119:24:12,6.3kn(s),47.65472,-54.03982,6.3,16
16/01/202119:38:01,6.1kn(s),47.67791,-54.04568,6.1,16
16/01/202119:53:08,6.3kn(s),47.70361,-54.05191,6.3,16
16/01/202120:10:41,5.3kn(s),47.73335,-54.05846,5.3,16
16/01/202120:22:13,3.4kn(s),47.74662,-54.05833,3.4,16
16/01/202120:33:59,2.6kn(s),47.75636,-54.05787,2.6,16
16/01/202120:49:11,2.6kn(s),47.76662,-54.05234,2.6,16
16/01/202121:04:42,1.2kn(s),47.77564,-54.04751,1.2,16
16/01/202121:15:49,1.9kn(s),47.77887,-54.04426,1.9,16
16/01/202121:31:30,2.1kn(s),47.77694,-54.02961,2.1,16
16/01/202121:43:21,1.2kn(s),47.7755,-54.02227,1.2,16
16/01/202121:54:20,.8kn(s),47.77555,-54.01904,0.8,16
16/01/202122:05:08,.4kn(s),47.77544,-54.0164,0.4,16
16/01/202122:16:12,.4kn(s),47.77463,-54.01575,0.4,16
16/01/202122:26:40,0kn(s),47.77463,-54.01572,0,16
16/01/202122:38:26,0kn(s),47.77463,-54.01572,0,16
16/01/202123:41:12,0kn(s),47.77464,-54.01569,0,16
17/01/202100:03:10,0kn(s),47.77464,-54.01569,0,17
17/01/202100:23:11,0kn(s),47.77465,-54.01569,0,17
17/01/202100:45:07,0kn(s),47.77465,-54.01569,0,17
17/01/202101:09:08,0kn(s),47.77465,-54.01569,0,17
17/01/202101:29:16,0kn(s),47.77465,-54.01568,0,17
17/01/202101:51:04,0kn(s),47.77465,-54.01568,0,17
17/01/202103:17:18,0kn(s),47.77465,-54.01569,0,17
17/01/202103:39:05,0kn(s),47.77464,-54.01569,0,17
17/01/202103:59:09,0kn(s),47.77465,-54.01569,0,17
17/01/202104:21:16,0kn(s),47.77466,-54.01569,0,17
17/01/202104:45:10,0kn(s),47.77466,-54.01569,0,17
17/01/202105:09:11,0kn(s),47.77466,-54.01569,0,17
17/01/202105:33:00,0kn(s),47.77466,-54.01569,0,17
17/01/202105:53:10,0kn(s),47.77466,-54.01569,0,17
17/01/202106:59:12,0kn(s),47.77466,-54.01569,0,17
17/01/202107:21:05,0kn(s),47.77466,-54.01569,0,17
17/01/202107:44:58,0kn(s),47.77465,-54.01569,0,17
17/01/202108:09:01,0kn(s),47.77465,-54.01569,0,17
17/01/202108:33:04,0kn(s),47.77464,-54.01569,0,17
17/01/202108:57:08,0kn(s),47.77465,-54.01569,0,17
17/01/202110:09:16,0kn(s),47.77466,-54.01569,0,17
17/01/202110:33:15,0kn(s),47.77466,-54.01569,0,17
17/01/202110:57:00,0kn(s),47.77465,-54.01569,0,17
17/01/202111:17:06,0kn(s),47.77465,-54.01569,0,17
17/01/202111:38:58,0kn(s),47.77465,-54.01569,0,17
17/01/202111:59:04,0kn(s),47.77466,-54.0157,0,17
17/01/202112:21:00,0kn(s),47.77466,-54.0157,0,17
17/01/202113:27:14,0kn(s),47.77465,-54.01569,0,17
17/01/202113:50:59,0kn(s),47.77465,-54.01569,0,17
17/01/202114:11:01,0kn(s),47.77465,-54.01569,0,17
17/01/202114:33:08,0kn(s),47.77465,-54.01569,0,17
17/01/202117:59:15,0kn(s),47.77466,-54.01566,0,17
17/01/202118:21:13,0kn(s),47.77465,-54.01566,0,17
17/01/202118:45:13,0kn(s),47.77466,-54.01568,0,17
17/01/202119:08:59,0kn(s),47.77466,-54.01568,0,17
17/01/202119:33:05,0kn(s),47.77466,-54.01568,0,17
17/01/202119:53:13,0kn(s),47.77466,-54.01568,0,17
17/01/202120:15:12,0kn(s),47.77465,-54.01569,0,17
17/01/202120:39:00,0kn(s),47.77466,-54.01569,0,17
17/01/202120:59:14,0kn(s),47.77466,-54.01569,0,17
17/01/202121:20:59,0kn(s),47.77466,-54.01569,0,17
17/01/202121:41:17,0kn(s),47.77466,-54.01569,0,17
17/01/202122:44:01,0kn(s),47.77466,-54.01569,0,17
17/01/202123:05:04,0kn(s),47.77466,-54.01569,0,17
17/01/202123:26:00,0kn(s),47.77465,-54.01568,0,17
17/01/202123:47:09,0kn(s),47.77465,-54.01569,0,17
18/01/202100:34:08,1.1kn(s),47.77507,-54.01672,1.1,18
18/01/202100:45:49,7.5kn(s),47.77198,-54.03625,7.5,18
18/01/202100:57:30,9.2kn(s),47.75087,-54.05603,9.2,18
18/01/202101:08:21,11.6kn(s),47.71847,-54.05517,11.6,18
18/01/202101:18:59,12.6kn(s),47.683,-54.04937,12.6,18
18/01/202101:30:46,13.5kn(s),47.64081,-54.0382,13.5,18
18/01/202101:41:58,14.1kn(s),47.59882,-54.02632,14.1,18
18/01/202102:12:53,14.3kn(s),47.47697,-54.03319,14.3,18
18/01/202102:33:18,10.9kn(s),47.40541,-54.08593,10.9,18
18/01/202102:53:21,9.2kn(s),47.36388,-54.11274,9.2,18
18/01/202103:11:01,10.9kn(s),47.32269,-54.15534,10.9,18
18/01/202103:34:30,12.5kn(s),47.26036,-54.22244,12.5,18
18/01/202104:19:52,14.2kn(s),47.12225,-54.3758,14.2,18
18/01/202104:55:22,14.2kn(s),47.02013,-54.51508,14.2,18
18/01/202105:27:52,13.9kn(s),46.92048,-54.63172,13.9,18
18/01/202105:57:43,13.4kn(s),46.83405,-54.74201,13.4,18
18/01/202106:13:01,14.2kn(s),46.79216,-54.69799,14.2,18
18/01/202106:23:44,14.1kn(s),46.76631,-54.64975,14.1,18
18/01/202106:37:00,14kn(s),46.73416,-54.59004,14,18
18/01/202106:50:07,14.1kn(s),46.70261,-54.53133,14.1,18
18/01/202107:00:38,14.3kn(s),46.67272,-54.4898,14.3,18
18/01/202107:10:52,14.4kn(s),46.64368,-54.44917,14.4,18
18/01/202107:21:16,14.1kn(s),46.61396,-54.40765,14.1,18
18/01/202107:31:38,14.1kn(s),46.58453,-54.36697,14.1,18
18/01/202107:42:33,14.1kn(s),46.55328,-54.32467,14.1,18
18/01/202107:52:57,13.9kn(s),46.52364,-54.28453,13.9,18
18/01/202108:04:14,14kn(s),46.49136,-54.24124,14,18
18/01/202108:14:25,13.9kn(s),46.46256,-54.20262,13.9,18
18/01/202108:25:07,13.8kn(s),46.43195,-54.16204,13.8,18
18/01/202108:36:23,14kn(s),46.39959,-54.12002,14,18
18/01/202108:46:42,14kn(s),46.37318,-54.07647,14,18
18/01/202108:57:00,14.3kn(s),46.35612,-54.02304,14.3,18
18/01/202109:07:48,14.3kn(s),46.35137,-53.96184,14.3,18
18/01/202109:17:53,14.1kn(s),46.34943,-53.90402,14.1,18
18/01/202109:28:25,14.1kn(s),46.34819,-53.84484,14.1,18
18/01/202109:38:53,14.4kn(s),46.34744,-53.78449,14.4,18
18/01/202109:50:47,14.1kn(s),46.34668,-53.71651,14.1,18
18/01/202110:04:29,13.9kn(s),46.34556,-53.6401,13.9,18
18/01/202110:15:20,13.6kn(s),46.34522,-53.57999,13.6,18
18/01/202110:25:48,14.1kn(s),46.34438,-53.52161,14.1,18
18/01/202110:41:12,14kn(s),46.34357,-53.43458,14,18
18/01/202111:03:26,13.9kn(s),46.33979,-53.31191,13.9,18
18/01/202111:14:01,13.7kn(s),46.33145,-53.2546,13.7,18
18/01/202111:25:00,14kn(s),46.32401,-53.19482,14,18
18/01/202111:36:02,13.8kn(s),46.3232,-53.13392,13.8,18
18/01/202111:46:43,13.8kn(s),46.3234,-53.07465,13.8,18
18/01/202111:57:31,13.5kn(s),46.32395,-53.01613,13.5,18
18/01/202112:08:10,13.6kn(s),46.32402,-52.95775,13.6,18
18/01/202112:18:41,13.6kn(s),46.3237,-52.9002,13.6,18
18/01/202112:29:31,13.7kn(s),46.32312,-52.84069,13.7,18
18/01/202112:40:01,13.7kn(s),46.32269,-52.78186,13.7,18
18/01/202112:50:44,13kn(s),46.32215,-52.72454,13,18
18/01/202113:01:44,12.2kn(s),46.32246,-52.66923,12.2,18
18/01/202113:11:55,11.2kn(s),46.32285,-52.62251,11.2,18
18/01/202113:22:31,10.8kn(s),46.32334,-52.57545,10.8,18
18/01/202113:33:12,10.3kn(s),46.32404,-52.53048,10.3,18
18/01/202113:46:52,10.5kn(s),46.32539,-52.47284,10.5,18
18/01/202113:57:32,10.2kn(s),46.3259,-52.42925,10.2,18
18/01/202114:10:13,9.9kn(s),46.32546,-52.37848,9.9,18
18/01/202116:35:00,10kn(s),46.32185,-51.7906,10,18
18/01/202117:49:00,10.4kn(s),46.30894,-51.48738,10.4,18
18/01/202118:24:01,10.5kn(s),46.30544,-51.3417,10.5,18
18/01/202118:34:30,10.6kn(s),46.30474,-51.29734,10.6,18
18/01/202119:09:00,10.2kn(s),46.30024,-51.15228,10.2,18
18/01/202119:42:30,10.6kn(s),46.29617,-51.01124,10.6,18
18/01/202120:13:30,10.6kn(s),46.29316,-50.88077,10.6,18
18/01/202120:51:41,10.5kn(s),46.28761,-50.71943,10.5,18
18/01/202121:17:19,10.4kn(s),46.29189,-50.61323,10.4,18
18/01/202121:58:21,10.1kn(s),46.30504,-50.44402,10.1,18
18/01/202123:07:30,10.2kn(s),46.34305,-50.16289,10.2,18
18/01/202123:20:20,10.3kn(s),46.35018,-50.11171,10.3,18
18/01/202123:45:41,10.5kn(s),46.36499,-50.00857,10.5,18
19/01/202100:21:00,9.6kn(s),46.38512,-49.86671,9.6,19
19/01/202100:33:41,8.8kn(s),46.3922,-49.8218,8.8,19
19/01/202100:53:11,8.1kn(s),46.40341,-49.7573,8.1,19
19/01/202101:04:40,7.9kn(s),46.40868,-49.72153,7.9,19
19/01/202101:32:52,7.7kn(s),46.42182,-49.63411,7.7,19
19/01/202102:50:19,7.2kn(s),46.45641,-49.41715,7.2,19
19/01/202103:58:02,5.3kn(s),46.48629,-49.24973,5.3,19
19/01/202104:33:00,5.1kn(s),46.50052,-49.17887,5.1,19
19/01/202105:06:30,5kn(s),46.51448,-49.11385,5,19
19/01/202106:17:02,7.3kn(s),46.54958,-48.94445,7.3,19
19/01/202106:55:40,7.3kn(s),46.56962,-48.8342,7.3,19
19/01/202107:56:20,7.2kn(s),46.58739,-48.65984,7.2,19
19/01/202108:11:07,7.2kn(s),46.589,-48.6169,7.2,19
19/01/202108:50:31,3.2kn(s),46.57901,-48.53064,3.2,19
19/01/202110:38:41,0kn(s),46.56457,-48.50804,0,19
19/01/202111:26:49,.1kn(s),46.56358,-48.50773,0.1,19
19/01/202111:40:11,0kn(s),46.56318,-48.508,0,19
19/01/202113:24:20,.1kn(s),46.56357,-48.50773,0.1,19
19/01/202114:30:02,.1kn(s),46.56477,-48.50607,0.1,19
21/01/202104:22:32,3.1kn(s),46.56606,-48.49415,3.1,21
21/01/202104:56:40,9.2kn(s),46.61453,-48.4283,9.2,21
21/01/202105:16:21,9.3kn(s),46.64532,-48.36978,9.3,21
21/01/202105:37:11,10.4kn(s),46.68005,-48.30241,10.4,21
21/01/202106:07:42,9.1kn(s),46.7302,-48.20302,9.1,21
21/01/202106:57:00,6.5kn(s),46.80591,-48.069,6.5,21
21/01/202108:40:10,.1kn(s),46.80527,-48.02502,0.1,21
21/01/202110:23:32,.1kn(s),46.80532,-48.02502,0.1,21
21/01/202111:18:50,.6kn(s),46.80358,-48.02426,0.6,21
21/01/202112:01:12,.7kn(s),46.79688,-48.02201,0.7,21
21/01/202112:35:59,.6kn(s),46.79472,-48.02508,0.6,21
21/01/202120:15:12,12.8kn(s),46.85278,-48.24474,12.8,21
21/01/202120:34:51,13.6kn(s),46.85962,-48.3481,13.6,21
21/01/202120:49:12,13.9kn(s),46.86171,-48.42789,13.9,21
21/01/202121:24:45,13.8kn(s),46.86669,-48.62649,13.8,21
21/01/202121:45:23,13.5kn(s),46.86783,-48.74154,13.5,21
21/01/202121:59:03,13.5kn(s),46.8679,-48.81679,13.5,21
21/01/202122:33:04,13.4kn(s),46.86732,-49.00361,13.4,21
21/01/202123:12:44,13kn(s),46.86643,-49.21674,13,21
22/01/202100:35:05,12.9kn(s),46.86299,-49.64463,12.9,22
22/01/202101:06:44,12.9kn(s),46.86148,-49.81081,12.9,22
22/01/202102:13:35,12.8kn(s),46.86232,-50.16007,12.8,22
22/01/202103:57:45,12.7kn(s),46.86815,-50.69535,12.7,22
22/01/202105:04:14,10.9kn(s),46.82575,-51.00856,10.9,22
22/01/202106:23:33,10.9kn(s),46.73865,-51.33908,10.9,22
22/01/202108:15:40,10.9kn(s),46.5902,-51.78055,10.9,22
22/01/202111:01:34,11.2kn(s),46.38782,-52.43818,11.2,22
22/01/202112:10:26,11.6kn(s),46.28956,-52.7204,11.6,22
22/01/202112:22:37,11.6kn(s),46.28121,-52.77551,11.6,22
22/01/202112:32:46,11.8kn(s),46.27603,-52.82261,11.8,22
22/01/202112:43:04,11.4kn(s),46.27116,-52.86974,11.4,22
22/01/202112:54:06,11.4kn(s),46.26622,-52.91965,11.4,22
22/01/202113:04:37,11.1kn(s),46.26292,-52.96704,11.1,22
22/01/202113:15:38,11.3kn(s),46.26139,-53.01628,11.3,22
22/01/202113:20:45,11.4kn(s),46.26104,-53.03966,11.4,22
22/01/202113:31:26,11.8kn(s),46.26047,-53.08957,11.8,22
22/01/202113:52:38,11.7kn(s),46.26018,-53.18844,11.7,22
22/01/202114:03:05,11.8kn(s),46.26154,-53.23774,11.8,22
22/01/202114:13:38,11.7kn(s),46.26313,-53.28762,11.7,22
22/01/202114:36:14,11.6kn(s),46.26724,-53.39368,11.6,22
22/01/202114:58:45,12kn(s),46.27181,-53.50048,12,22
22/01/202115:09:24,12.2kn(s),46.27397,-53.55188,12.2,22
22/01/202115:31:16,12.4kn(s),46.27804,-53.65873,12.4,22
22/01/202115:54:06,12.3kn(s),46.29639,-53.76676,12.3,22
22/01/202116:04:35,12.5kn(s),46.30666,-53.8171,12.5,22
22/01/202116:15:08,12.6kn(s),46.3175,-53.86808,12.6,22
22/01/202116:25:39,12.6kn(s),46.3284,-53.9189,12.6,22
22/01/202116:47:16,12.7kn(s),46.35607,-54.02122,12.7,22
22/01/202116:57:54,12.8kn(s),46.37496,-54.06858,12.8,22
22/01/202117:09:09,12.8kn(s),46.39522,-54.11799,12.8,22
22/01/202117:20:18,12.9kn(s),46.41576,-54.1674,12.9,22
22/01/202117:30:48,13kn(s),46.43559,-54.21418,13,22
22/01/202117:31:24,13kn(s),46.43688,-54.21713,13,22
22/01/202117:41:09,13.1kn(s),46.45588,-54.25982,13.1,22
22/01/202117:52:09,13.1kn(s),46.4774,-54.30854,13.1,22
22/01/202118:03:25,13.1kn(s),46.49968,-54.35844,13.1,22
22/01/202119:19:31,13.3kn(s),46.65448,-54.69763,13.3,22
22/01/202120:29:35,10kn(s),46.83673,-54.55626,10,22
22/01/202120:59:01,10.2kn(s),46.9057,-54.48774,10.2,22
22/01/202122:50:44,11.1kn(s),47.17628,-54.22704,11.1,22
22/01/202123:04:04,9.9kn(s),47.21008,-54.19682,9.9,22
22/01/202123:14:25,9kn(s),47.23357,-54.17623,9,22
22/01/202123:35:44,9.7kn(s),47.27909,-54.13584,9.7,22
23/01/202100:38:52,11kn(s),47.4433,-54.05042,11,23
23/01/202101:06:14,10.8kn(s),47.52334,-54.00723,10.8,23
23/01/202101:16:32,10.9kn(s),47.55327,-54.01414,10.9,23
23/01/202101:28:56,8.7kn(s),47.58743,-54.02262,8.7,23
23/01/202101:45:27,7.6kn(s),47.62339,-54.03164,7.6,23
23/01/202102:00:17,7.6kn(s),47.65385,-54.03944,7.6,23
23/01/202102:12:57,7.6kn(s),47.68012,-54.04625,7.6,23
23/01/202102:23:45,7.5kn(s),47.70257,-54.05174,7.5,23
23/01/202102:34:28,7.4kn(s),47.72471,-54.05447,7.4,23
23/01/202102:46:15,6kn(s),47.74631,-54.05361,6,23
23/01/202102:57:54,4.4kn(s),47.76272,-54.0476,4.4,23
23/01/202103:10:27,2.7kn(s),47.77108,-54.03287,2.7,23
23/01/202103:32:06,1kn(s),47.77398,-54.0236,1,23
23/01/202103:43:47,.9kn(s),47.7745,-54.0194,0.9,23
23/01/202104:05:28,0kn(s),47.77466,-54.01603,0,23
23/01/202104:35:29,0kn(s),47.77465,-54.01585,0,23
23/01/202104:56:28,0kn(s),47.77464,-54.01579,0,23
23/01/202105:17:22,0kn(s),47.77464,-54.01575,0,23
23/01/202105:38:25,0kn(s),47.77464,-54.01573,0,23
23/01/202106:02:23,0kn(s),47.77465,-54.01571,0,23
23/01/202107:29:22,0kn(s),47.77465,-54.01569,0,23
23/01/202107:49:30,0kn(s),47.77465,-54.0157,0,23
23/01/202108:11:17,0kn(s),47.77464,-54.01569,0,23
23/01/202108:31:20,0kn(s),47.77464,-54.01569,0,23
23/01/202108:53:25,0kn(s),47.77464,-54.01569,0,23
23/01/202109:17:24,0kn(s),47.77465,-54.01569,0,23
23/01/202109:41:18,0kn(s),47.77465,-54.01569,0,23
23/01/202110:01:26,0kn(s),47.77465,-54.01569,0,23
23/01/202110:23:29,0kn(s),47.77465,-54.01569,0,23
23/01/202110:47:26,0kn(s),47.77465,-54.01569,0,23
23/01/202112:23:16,0kn(s),47.77465,-54.0157,0,23
23/01/202113:05:30,0kn(s),47.77464,-54.0157,0,23
23/01/202113:29:20,0kn(s),47.77465,-54.0157,0,23
23/01/202113:53:27,0kn(s),47.77465,-54.0157,0,23
23/01/202114:41:20,0kn(s),47.77465,-54.0157,0,23
23/01/202115:01:24,0kn(s),47.77465,-54.01569,0,23
23/01/202116:07:19,0kn(s),47.77466,-54.01569,0,23
23/01/202116:28:28,0kn(s),47.77466,-54.01569,0,23
23/01/202116:49:30,0kn(s),47.77466,-54.01569,0,23
23/01/202117:10:28,0kn(s),47.77465,-54.01569,0,23
23/01/202117:34:20,0kn(s),47.77465,-54.01569,0,23
23/01/202118:19:19,0kn(s),47.77466,-54.01569,0,23
23/01/202118:40:25,0kn(s),47.77466,-54.01569,0,23
23/01/202119:42:29,0kn(s),47.77466,-54.01569,0,23
23/01/202120:04:22,0kn(s),47.77465,-54.01569,0,23
23/01/202120:24:26,0kn(s),47.77465,-54.01569,0,23
23/01/202120:46:19,0kn(s),47.77465,-54.01569,0,23
23/01/202121:06:29,0kn(s),47.77465,-54.01569,0,23
23/01/202121:28:14,0kn(s),47.77465,-54.01569,0,23
23/01/202121:48:16,0kn(s),47.77465,-54.01569,0,23
23/01/202122:10:25,0kn(s),47.77466,-54.01569,0,23
23/01/202122:34:28,0kn(s),47.77465,-54.01568,0,23
23/01/202122:58:28,0kn(s),47.77465,-54.01568,0,23
23/01/202123:22:26,0kn(s),47.77466,-54.01568,0,23
24/01/202100:28:17,0kn(s),47.77466,-54.01568,0,24
24/01/202100:48:24,0kn(s),47.77466,-54.01568,0,24
24/01/202101:10:23,0kn(s),47.77465,-54.01569,0,24
24/01/202101:36:42,0kn(s),47.77466,-54.01568,0,24
24/01/202101:58:16,0kn(s),47.77466,-54.01568,0,24
24/01/202102:22:20,0kn(s),47.77466,-54.01568,0,24
24/01/202102:46:28,0kn(s),47.77465,-54.01569,0,24
24/01/202103:10:25,0kn(s),47.77465,-54.01569,0,24
24/01/202103:34:17,0kn(s),47.77464,-54.01569,0,24
24/01/202103:54:32,0kn(s),47.77464,-54.01569,0,24
24/01/202104:16:21,0kn(s),47.77465,-54.01569,0,24
24/01/202104:36:28,0kn(s),47.77466,-54.01569,0,24
24/01/202104:58:18,0kn(s),47.77465,-54.01569,0,24
24/01/202106:03:23,0kn(s),47.77464,-54.01569,0,24
24/01/202106:24:20,0kn(s),47.77465,-54.01569,0,24
24/01/202106:39:01,0kn(s),47.77465,-54.01569,0,24
24/01/202106:50:51,0kn(s),47.77464,-54.01569,0,24
24/01/202107:01:21,0kn(s),47.77464,-54.01569,0,24
24/01/202107:12:08,0kn(s),47.77464,-54.01568,0,24
24/01/202107:22:30,0kn(s),47.77464,-54.01568,0,24
24/01/202107:32:51,0kn(s),47.77464,-54.01569,0,24
24/01/202107:44:08,0kn(s),47.77464,-54.0157,0,24
24/01/202107:54:31,0kn(s),47.77463,-54.01569,0,24
24/01/202108:05:01,0kn(s),47.77463,-54.01569,0,24
24/01/202108:15:30,0kn(s),47.77463,-54.01569,0,24
24/01/202108:27:48,0kn(s),47.77464,-54.01569,0,24
24/01/202108:41:23,.5kn(s),47.77476,-54.01583,0.5,24
24/01/202108:51:48,3.2kn(s),47.77508,-54.0219,3.2,24
24/01/202109:05:48,7.1kn(s),47.76438,-54.04908,7.1,24
24/01/202109:16:28,8.4kn(s),47.74121,-54.05298,8.4,24
24/01/202109:29:50,8.6kn(s),47.71005,-54.05179,8.6,24
24/01/202109:43:09,10.1kn(s),47.67424,-54.04236,10.1,24
24/01/202109:54:30,9.9kn(s),47.64346,-54.0348,9.9,24
24/01/202110:16:11,10.4kn(s),47.58308,-54.0226,10.4,24
24/01/202110:31:09,11.4kn(s),47.538,-54.01384,11.4,24
24/01/202110:53:49,11.8kn(s),47.46693,-54.03248,11.8,24
24/01/202111:19:22,11.1kn(s),47.3899,-54.07716,11.1,24
24/01/202111:40:02,10kn(s),47.35162,-54.10852,10,24
24/01/202112:00:28,11.7kn(s),47.30635,-54.17166,11.7,24
24/01/202112:21:28,13.1kn(s),47.24809,-54.23442,13.1,24
24/01/202112:35:36,14kn(s),47.20636,-54.28552,14,24
24/01/202113:09:21,14.9kn(s),47.09665,-54.40749,14.9,24
24/01/202114:19:04,15.3kn(s),46.88325,-54.69629,15.3,24
24/01/202114:59:41,15.2kn(s),46.76423,-54.64452,15.2,24
24/01/202115:18:14,15.1kn(s),46.71992,-54.55136,15.1,24
24/01/202115:33:21,15.2kn(s),46.67342,-54.48857,15.2,24
24/01/202115:43:29,15.2kn(s),46.6416,-54.44637,15.2,24
24/01/202115:53:48,15.2kn(s),46.60917,-54.40404,15.2,24
24/01/202116:04:37,15.3kn(s),46.57546,-54.35941,15.3,24
24/01/202116:15:02,15.4kn(s),46.54264,-54.31574,15.4,24
24/01/202116:26:19,15.4kn(s),46.50667,-54.26883,15.4,24
24/01/202116:36:37,15.3kn(s),46.47399,-54.22668,15.3,24
24/01/202116:47:03,15.2kn(s),46.4408,-54.18458,15.2,24
24/01/202117:07:51,15.2kn(s),46.37495,-54.10075,15.2,24
24/01/202117:17:54,14.6kn(s),46.3502,-54.05333,14.6,24
24/01/202117:33:14,15kn(s),46.34657,-53.96225,15,24
24/01/202117:43:52,14.9kn(s),46.34549,-53.89861,14.9,24
24/01/202117:54:14,15.1kn(s),46.34468,-53.83601,15.1,24
24/01/202118:04:45,15kn(s),46.34362,-53.77244,15,24
24/01/202118:19:58,15kn(s),46.34115,-53.68075,15,24
24/01/202118:40:31,14.9kn(s),46.33835,-53.5575,14.9,24
24/01/202118:51:02,14.8kn(s),46.33744,-53.49515,14.8,24
24/01/202119:01:21,14.9kn(s),46.33622,-53.43375,14.9,24
24/01/202119:12:10,15kn(s),46.33518,-53.36917,15,24
24/01/202119:22:34,15.1kn(s),46.3343,-53.30637,15.1,24
24/01/202119:32:43,15kn(s),46.33301,-53.24467,15,24
24/01/202119:42:55,15.2kn(s),46.33162,-53.18252,15.2,24
24/01/202119:53:19,15.1kn(s),46.33034,-53.11964,15.1,24
24/01/202120:03:33,14.9kn(s),46.32909,-53.05856,14.9,24
24/01/202120:13:54,14.8kn(s),46.32687,-52.99618,14.8,24
24/01/202120:24:32,14.9kn(s),46.32437,-52.93325,14.9,24
24/01/202120:35:25,14.9kn(s),46.3209,-52.86809,14.9,24
24/01/202120:49:13,14.8kn(s),46.32086,-52.7858,14.8,24
24/01/202122:17:41,15kn(s),46.32489,-52.2507,15,24
24/01/202122:47:24,15.2kn(s),46.3216,-52.06997,15.2,24
24/01/202123:23:40,15.1kn(s),46.31752,-51.85029,15.1,24
24/01/202123:59:17,15.1kn(s),46.31245,-51.63378,15.1,24
25/01/202100:36:53,15kn(s),46.30623,-51.40727,15,25
25/01/202102:50:42,14.1kn(s),46.28511,-50.61485,14.1,25
25/01/202104:42:50,13.8kn(s),46.43288,-50.03645,13.8,25
25/01/202108:20:08,12.8kn(s),46.71601,-48.93104,12.8,25
25/01/202108:45:20,7.3kn(s),46.74725,-48.83738,7.3,25
25/01/202109:25:13,5.6kn(s),46.75154,-48.73534,5.6,25
25/01/202110:04:29,0kn(s),46.74209,-48.73403,0,25
25/01/202110:31:10,.1kn(s),46.74212,-48.7341,0.1,25
25/01/202111:04:18,.9kn(s),46.7406,-48.74034,0.9,25
25/01/202111:37:59,.3kn(s),46.74314,-48.74875,0.3,25
25/01/202112:12:19,0kn(s),46.74418,-48.75041,0,25
25/01/202112:47:20,0kn(s),46.74511,-48.75195,0,25
25/01/202114:04:21,0kn(s),46.74495,-48.75306,0,25
25/01/202115:09:50,.1kn(s),46.74501,-48.75292,0.1,25
25/01/202115:59:11,.1kn(s),46.74484,-48.75333,0.1,25
25/01/202117:03:11,.1kn(s),46.74482,-48.75341,0.1,25
25/01/202119:24:31,.1kn(s),46.74479,-48.75347,0.1,25
25/01/202119:58:51,.1kn(s),46.74486,-48.75326,0.1,25
25/01/202120:15:48,.1kn(s),46.74479,-48.7535,0.1,25
25/01/202121:08:00,.1kn(s),46.74478,-48.75356,0.1,25
25/01/202122:31:20,0kn(s),46.74487,-48.75326,0,25
25/01/202123:01:30,.1kn(s),46.74484,-48.75333,0.1,25
25/01/202123:39:50,0kn(s),46.74493,-48.75312,0,25
26/01/202100:14:00,0kn(s),46.74497,-48.75306,0,26
26/01/202100:45:00,.1kn(s),46.74507,-48.75282,0.1,26
26/01/202104:44:50,0kn(s),46.745,-48.75297,0,26
26/01/202106:26:51,.1kn(s),46.74515,-48.75276,0.1,26
26/01/202108:50:15,0kn(s),46.74556,-48.75212,0,26
26/01/202109:58:30,0kn(s),46.74552,-48.75212,0,26
26/01/202110:40:20,0kn(s),46.74559,-48.75204,0,26
26/01/202111:07:09,0kn(s),46.74563,-48.75199,0,26
27/01/202103:15:37,10.4kn(s),46.60114,-49.18492,10.4,27
27/01/202103:48:37,10.1kn(s),46.57414,-49.31429,10.1,27
27/01/202105:31:09,10.3kn(s),46.48657,-49.7132,10.3,27
27/01/202106:23:57,10.4kn(s),46.43896,-49.92484,10.4,27
27/01/202108:00:38,10.8kn(s),46.35196,-50.31376,10.8,27
27/01/202108:13:27,10.7kn(s),46.33989,-50.36684,10.7,27
27/01/202110:57:49,9.4kn(s),46.28683,-51.00037,9.4,27
27/01/202111:28:07,9.5kn(s),46.28856,-51.11492,9.5,27
27/01/202112:02:17,9.3kn(s),46.28935,-51.24085,9.3,27
27/01/202112:37:58,9.6kn(s),46.2906,-51.37377,9.6,27
27/01/202113:13:56,9.1kn(s),46.28954,-51.5087,9.1,27
27/01/202113:47:06,9kn(s),46.28639,-51.62837,9,27
27/01/202114:36:07,9.4kn(s),46.2831,-51.80879,9.4,27
27/01/202115:32:18,9.6kn(s),46.28087,-52.02041,9.6,27
27/01/202117:25:07,9.2kn(s),46.28391,-52.43521,9.2,27
27/01/202118:32:36,9.4kn(s),46.28644,-52.68849,9.4,27
27/01/202118:44:19,9.5kn(s),46.28513,-52.73239,9.5,27
27/01/202118:56:02,9.5kn(s),46.28424,-52.7764,9.5,27
27/01/202119:08:03,9.6kn(s),46.28342,-52.82271,9.6,27
27/01/202119:18:41,9.9kn(s),46.2827,-52.86455,9.9,27
27/01/202119:29:22,10.1kn(s),46.28185,-52.90752,10.1,27
27/01/202119:39:59,10.1kn(s),46.28095,-52.95092,10.1,27
27/01/202119:50:32,10kn(s),46.28022,-52.99309,10,27
27/01/202120:01:19,10.1kn(s),46.2797,-53.03698,10.1,27
27/01/202120:11:50,9.8kn(s),46.27955,-53.07907,9.8,27
27/01/202120:22:58,9.5kn(s),46.27996,-53.12196,9.5,27
27/01/202120:33:50,9.5kn(s),46.28098,-53.16329,9.5,27
27/01/202120:44:30,9.5kn(s),46.28261,-53.2037,9.5,27
27/01/202120:55:11,9.3kn(s),46.28402,-53.24399,9.3,27
27/01/202121:06:58,9.4kn(s),46.2841,-53.28844,9.4,27
27/01/202121:21:01,9.4kn(s),46.28354,-53.34161,9.4,27
27/01/202121:31:37,9.4kn(s),46.2827,-53.3816,9.4,27
27/01/202121:42:39,9.4kn(s),46.282,-53.42318,9.4,27
27/01/202121:53:19,9.2kn(s),46.28163,-53.46303,9.2,27
27/01/202122:04:01,9kn(s),46.28146,-53.50223,9,27
27/01/202122:14:20,8.9kn(s),46.28137,-53.53928,8.9,27
27/01/202122:24:39,8.9kn(s),46.28123,-53.57606,8.9,27
27/01/202122:35:18,8.9kn(s),46.28151,-53.61382,8.9,27
27/01/202122:45:58,8.7kn(s),46.28216,-53.65125,8.7,27
27/01/202122:56:47,8.7kn(s),46.28271,-53.68912,8.7,27
27/01/202123:07:41,8.8kn(s),46.28313,-53.72716,8.8,27
27/01/202123:18:18,8.7kn(s),46.28354,-53.76453,8.7,27
27/01/202123:29:20,8.7kn(s),46.28374,-53.80291,8.7,27
27/01/202123:39:51,8.6kn(s),46.28372,-53.83934,8.6,27
27/01/202123:50:28,8.5kn(s),46.2886,-53.87461,8.5,27
28/01/202100:01:09,8.5kn(s),46.29946,-53.90758,8.5,28
28/01/202100:12:01,8.5kn(s),46.31302,-53.93903,8.5,28
28/01/202100:22:39,8.4kn(s),46.32607,-53.96995,8.4,28
28/01/202100:33:20,8.4kn(s),46.33883,-54.00076,8.4,28
28/01/202100:43:59,8.3kn(s),46.35171,-54.03122,8.3,28
28/01/202100:56:40,8.4kn(s),46.3676,-54.06711,8.4,28
28/01/202101:10:28,8.4kn(s),46.38528,-54.10645,8.4,28
28/01/202101:21:08,8.4kn(s),46.39858,-54.13684,8.4,28
28/01/202101:42:40,8.2kn(s),46.42476,-54.19699,8.2,28
28/01/202101:53:40,8.3kn(s),46.43789,-54.22831,8.3,28
28/01/202102:04:38,8.3kn(s),46.45125,-54.25936,8.3,28
28/01/202102:20:31,8.3kn(s),46.47095,-54.30385,8.3,28
28/01/202102:42:11,8.4kn(s),46.49859,-54.36388,8.4,28
28/01/202102:52:40,8.4kn(s),46.51236,-54.39347,8.4,28
28/01/202103:04:21,8.5kn(s),46.52785,-54.42632,8.5,28
28/01/202103:15:22,8.5kn(s),46.54266,-54.45714,8.5,28
28/01/202103:26:39,8.5kn(s),46.55813,-54.4888,8.5,28
28/01/202107:09:47,8.1kn(s),46.93815,-54.4531,8.1,28
28/01/202107:40:38,7.8kn(s),46.99396,-54.39831,7.8,28
28/01/202108:16:45,8kn(s),47.05898,-54.33165,8,28
28/01/202109:22:48,7.9kn(s),47.18133,-54.21451,7.9,28
28/01/202109:45:05,9kn(s),47.22432,-54.17524,9,28
28/01/202110:01:28,9.1kn(s),47.25999,-54.14214,9.1,28
28/01/202110:26:29,9kn(s),47.3153,-54.10332,9,28
28/01/202110:46:35,9.8kn(s),47.36566,-54.08993,9.8,28
28/01/202111:07:12,10.7kn(s),47.42222,-54.06325,10.7,28
28/01/202111:32:52,10.7kn(s),47.49373,-54.02193,10.7,28
28/01/202111:46:43,9.8kn(s),47.53158,-54.00816,9.8,28
28/01/202112:00:08,10.4kn(s),47.56938,-54.01727,10.4,28
28/01/202112:10:59,7.8kn(s),47.59679,-54.02424,7.8,28
28/01/202112:21:40,7kn(s),47.61845,-54.02956,7,28
28/01/202112:33:00,6.4kn(s),47.63888,-54.03571,6.4,28
28/01/202112:44:00,6.3kn(s),47.65761,-54.0418,6.3,28
28/01/202112:54:21,6.2kn(s),47.67526,-54.04621,6.2,28
28/01/202113:05:30,6.2kn(s),47.69425,-54.05005,6.2,28
28/01/202113:17:48,6kn(s),47.71499,-54.04633,6,28
28/01/202113:28:40,4.4kn(s),47.72468,-54.02933,4.4,28
28/01/202113:44:19,.6kn(s),47.72979,-54.01781,0.6,28
28/01/202114:00:17,0kn(s),47.72852,-54.01796,0,28
28/01/202114:54:04,0kn(s),47.72865,-54.01768,0,28
28/01/202115:10:08,0kn(s),47.72866,-54.01761,0,28
28/01/202115:30:12,.1kn(s),47.72859,-54.01734,0.1,28
28/01/202115:52:15,.1kn(s),47.7286,-54.01687,0.1,28
28/01/202116:04:06,.1kn(s),47.72861,-54.01662,0.1,28
28/01/202116:18:02,.1kn(s),47.72863,-54.01635,0.1,28
28/01/202116:40:11,0kn(s),47.72867,-54.01596,0,28
28/01/202117:04:06,0kn(s),47.72869,-54.0157,0,28
28/01/202117:28:07,0kn(s),47.72868,-54.01561,0,28
28/01/202117:40:10,0kn(s),47.72866,-54.01565,0,28
28/01/202117:52:09,0kn(s),47.72861,-54.01568,0,28
28/01/202119:11:17,0kn(s),47.72847,-54.0162,0,28
28/01/202121:10:02,0kn(s),47.72839,-54.01765,0,28
28/01/202122:47:07,0kn(s),47.72819,-54.0164,0,28
28/01/202122:59:00,0kn(s),47.72821,-54.01633,0,28
29/01/202103:53:17,0kn(s),47.72862,-54.01456,0,29
29/01/202105:53:10,0kn(s),47.72839,-54.01532,0,29
29/01/202106:05:15,0kn(s),47.72839,-54.01548,0,29
29/01/202106:17:18,0kn(s),47.72838,-54.01561,0,29
29/01/202106:29:10,0kn(s),47.72834,-54.01573,0,29
29/01/202106:53:00,0kn(s),47.7284,-54.01591,0,29
29/01/202107:35:17,0kn(s),47.72842,-54.01556,0,29
29/01/202107:46:12,0kn(s),47.72846,-54.01552,0,29
29/01/202108:29:13,0kn(s),47.72849,-54.01539,0,29
29/01/202108:47:03,0kn(s),47.72847,-54.01534,0,29
29/01/202109:05:14,0kn(s),47.72848,-54.0153,0,29
29/01/202109:53:15,0kn(s),47.72976,-54.01626,0,29
29/01/202110:16:58,1.7kn(s),47.73022,-54.01973,1.7,29
29/01/202110:31:59,5.2kn(s),47.73411,-54.04505,5.2,29
29/01/202110:43:10,5.3kn(s),47.74758,-54.05532,5.3,29
29/01/202110:53:40,4.6kn(s),47.76098,-54.05028,4.6,29
29/01/202111:04:31,4.1kn(s),47.77052,-54.03643,4.1,29
29/01/202111:14:59,1.9kn(s),47.77548,-54.02627,1.9,29
29/01/202111:30:09,.5kn(s),47.77299,-54.01987,0.5,29
29/01/202111:41:09,0kn(s),47.77257,-54.01895,0,29
29/01/202111:52:00,0kn(s),47.77257,-54.01891,0,29
29/01/202112:40:02,0kn(s),47.77255,-54.01886,0,29
29/01/202113:00:09,0kn(s),47.77256,-54.01883,0,29
29/01/202113:22:13,0kn(s),47.77256,-54.01882,0,29
29/01/202113:46:07,0kn(s),47.77256,-54.01881,0,29
29/01/202114:06:09,0kn(s),47.77255,-54.01882,0,29
29/01/202114:28:06,0kn(s),47.77255,-54.01881,0,29
29/01/202116:24:09,0kn(s),47.77256,-54.01881,0,29
29/01/202116:46:12,0kn(s),47.77255,-54.01881,0,29
29/01/202117:10:10,0kn(s),47.77256,-54.01881,0,29
29/01/202117:33:59,0kn(s),47.77256,-54.01881,0,29
29/01/202117:54:04,0kn(s),47.77256,-54.01881,0,29
29/01/202118:16:08,0kn(s),47.77256,-54.01881,0,29
29/01/202119:42:10,0kn(s),47.77255,-54.01881,0,29
29/01/202120:04:19,0kn(s),47.77256,-54.01881,0,29
29/01/202120:28:11,0kn(s),47.77256,-54.01881,0,29
29/01/202120:52:07,0kn(s),47.77256,-54.01881,0,29
29/01/202121:12:08,0kn(s),47.77255,-54.01881,0,29
29/01/202121:33:59,0kn(s),47.77255,-54.01881,0,29
29/01/202121:54:00,0kn(s),47.77255,-54.01881,0,29
29/01/202122:16:02,0kn(s),47.77255,-54.01881,0,29
30/01/202100:54:15,0kn(s),47.77256,-54.01879,0,30
30/01/202101:16:05,0kn(s),47.77256,-54.01879,0,30
30/01/202101:36:15,0kn(s),47.77256,-54.01879,0,30
30/01/202101:58:11,0kn(s),47.77256,-54.01879,0,30
30/01/202102:22:11,0kn(s),47.77256,-54.01879,0,30
30/01/202102:46:02,0kn(s),47.77254,-54.01879,0,30
30/01/202103:06:05,0kn(s),47.77255,-54.01879,0,30
30/01/202103:28:16,0kn(s),47.77255,-54.01879,0,30
30/01/202103:52:07,0kn(s),47.77256,-54.0188,0,30
30/01/202105:18:08,0kn(s),47.77256,-54.0188,0,30
30/01/202105:40:12,0kn(s),47.77256,-54.01879,0,30
30/01/202106:04:14,0kn(s),47.77256,-54.01879,0,30
30/01/202106:28:15,0kn(s),47.77256,-54.01879,0,30
30/01/202106:52:15,0kn(s),47.77256,-54.01879,0,30
30/01/202107:16:05,0kn(s),47.77256,-54.01879,0,30
30/01/202107:42:01,0kn(s),47.77256,-54.01881,0,30
30/01/202108:04:09,0kn(s),47.77256,-54.01881,0,30
30/01/202108:24:10,0kn(s),47.77256,-54.01881,0,30
30/01/202108:46:08,0kn(s),47.77256,-54.0188,0,30
30/01/202109:06:13,0kn(s),47.77256,-54.01881,0,30
30/01/202109:28:16,0kn(s),47.77256,-54.01879,0,30
30/01/202109:54:08,0kn(s),47.77255,-54.01879,0,30
30/01/202110:27:20,0kn(s),47.77255,-54.01881,0,30
30/01/202110:39:51,.3kn(s),47.77253,-54.01895,0.3,30
30/01/202110:50:19,4.9kn(s),47.7713,-54.03018,4.9,30
30/01/202111:00:41,8.8kn(s),47.75969,-54.05061,8.8,30
30/01/202111:11:30,11.1kn(s),47.72963,-54.05641,11.1,30
30/01/202111:27:01,12.6kn(s),47.67856,-54.04751,12.6,30
30/01/202111:38:21,13.4kn(s),47.63793,-54.03761,13.4,30
30/01/202111:50:18,13.8kn(s),47.59319,-54.02519,13.8,30
30/01/202112:01:27,14kn(s),47.55103,-54.01246,14,30
30/01/202112:12:50,14kn(s),47.50727,-54.01044,14,30
30/01/202112:24:07,14kn(s),47.46847,-54.03625,14,30
30/01/202112:39:48,13.3kn(s),47.414,-54.07727,13.3,30
30/01/202113:05:44,8.7kn(s),47.34543,-54.13099,8.7,30
30/01/202113:27:03,9.6kn(s),47.3001,-54.18022,9.6,30
30/01/202113:56:47,10.5kn(s),47.23242,-54.25759,10.5,30
30/01/202114:11:43,10.3kn(s),47.19953,-54.29465,10.3,30
30/01/202114:34:26,10.4kn(s),47.14678,-54.35525,10.4,30
30/01/202118:04:06,10.7kn(s),46.72083,-54.58528,10.7,30
30/01/202118:31:01,10.8kn(s),46.6853,-54.4815,10.8,30
30/01/202118:43:58,10.6kn(s),46.66777,-54.43155,10.6,30
30/01/202118:55:50,10.6kn(s),46.65181,-54.38641,10.6,30
30/01/202119:06:37,11kn(s),46.63708,-54.34426,11,30
30/01/202119:19:24,11.5kn(s),46.6285,-54.28923,11.5,30
30/01/202119:41:00,11.9kn(s),46.62804,-54.1853,11.9,30
30/01/202119:51:28,11.6kn(s),46.63995,-54.14057,11.6,30
30/01/202120:02:47,11.7kn(s),46.65733,-54.09362,11.7,30
30/01/202120:13:12,11.7kn(s),46.67319,-54.0503,11.7,30
30/01/202120:24:09,11.9kn(s),46.6896,-54.00384,11.9,30
30/01/202120:36:27,12.1kn(s),46.70859,-53.95044,12.1,30
30/01/202120:51:40,12kn(s),46.73236,-53.88487,12,30
30/01/202121:02:19,11.7kn(s),46.75084,-53.8415,11.7,30
30/01/202121:13:00,11.5kn(s),46.77919,-53.81489,11.5,30
30/01/202121:23:30,11.7kn(s),46.81195,-53.80374,11.7,30
30/01/202121:33:50,12.2kn(s),46.84541,-53.79303,12.2,30
30/01/202121:44:58,12.8kn(s),46.88331,-53.78063,12.8,30
30/01/202121:56:58,13.4kn(s),46.92566,-53.76309,13.4,30
30/01/202122:46:24,7.5kn(s),47.06908,-53.65816,7.5,30
31/01/202112:57:43,0kn(s),47.05135,-53.62147,0,31
31/01/202117:37:41,.3kn(s),47.05123,-53.62176,0.3,31
31/01/202118:51:40,.3kn(s),47.05128,-53.62204,0.3,31
31/01/202123:15:37,0kn(s),47.05114,-53.6209,0,31
