Date,SpeedW,Lat,Lon,Speed,Edate
01/01/202122:27:06,2.9kn(s),47.051,-53.61989,2.9,1
01/01/202122:59:37,11.4kn(s),47.00721,-53.72345,11.4,1
01/01/202123:10:22,12.2kn(s),46.97526,-53.74703,12.2,1
01/01/202123:28:37,12.2kn(s),46.917,-53.77801,12.2,1
01/01/202123:40:26,7.2kn(s),46.88515,-53.78169,7.2,1
01/01/202123:51:41,7.1kn(s),46.86398,-53.78241,7.1,1
02/01/202100:02:19,7.1kn(s),46.84303,-53.78303,7.1,2
02/01/202100:13:11,7.2kn(s),46.82141,-53.7835,7.2,2
02/01/202100:34:38,7.4kn(s),46.77847,-53.78281,7.4,2
02/01/202100:51:27,7.7kn(s),46.74259,-53.7833,7.7,2
02/01/202101:02:51,7.3kn(s),46.71806,-53.78401,7.3,2
02/01/202101:13:22,7.4kn(s),46.6966,-53.7833,7.4,2
02/01/202101:23:48,10.1kn(s),46.67057,-53.78063,10.1,2
02/01/202101:34:18,9.4kn(s),46.63983,-53.77853,9.4,2
02/01/202101:45:20,7.3kn(s),46.6158,-53.77491,7.3,2
02/01/202101:56:19,7.8kn(s),46.59365,-53.7672,7.8,2
02/01/202102:07:00,8.1kn(s),46.57619,-53.74452,8.1,2
02/01/202102:18:07,7.9kn(s),46.55818,-53.72109,7.9,2
02/01/202102:28:47,8.1kn(s),46.54082,-53.69973,8.1,2
02/01/202102:45:19,8.2kn(s),46.51301,-53.6672,8.2,2
02/01/202102:56:00,7.7kn(s),46.49601,-53.64614,7.7,2
02/01/202103:06:48,7.3kn(s),46.47934,-53.62565,7.3,2
02/01/202103:17:07,7.6kn(s),46.46344,-53.60586,7.6,2
02/01/202103:27:52,7.3kn(s),46.44745,-53.58433,7.3,2
02/01/202103:38:37,10.3kn(s),46.42955,-53.56007,10.3,2
02/01/202103:49:28,11.5kn(s),46.4062,-53.52562,11.5,2
02/01/202104:03:08,11.3kn(s),46.38066,-53.47462,11.3,2
02/01/202104:13:47,11kn(s),46.36161,-53.43556,11,2
02/01/202104:24:48,11.1kn(s),46.34232,-53.39528,11.1,2
02/01/202104:35:21,11.5kn(s),46.32325,-53.3559,11.5,2
02/01/202104:46:19,11.5kn(s),46.30284,-53.31479,11.5,2
02/01/202104:56:49,11.3kn(s),46.28322,-53.27558,11.3,2
02/01/202105:07:58,8.7kn(s),46.27607,-53.23233,8.7,2
02/01/202105:18:39,7.7kn(s),46.27512,-53.19811,7.7,2
02/01/202105:34:10,7.5kn(s),46.27325,-53.15098,7.5,2
02/01/202105:44:50,7.8kn(s),46.27183,-53.1187,7.8,2
02/01/202105:55:11,7.6kn(s),46.27063,-53.08739,7.6,2
02/01/202106:06:27,7.4kn(s),46.26943,-53.05391,7.4,2
02/01/202106:16:49,7.3kn(s),46.26866,-53.02337,7.3,2
02/01/202106:27:36,7.2kn(s),46.26821,-52.99175,7.2,2
02/01/202106:38:08,6.9kn(s),46.26774,-52.96138,6.9,2
02/01/202106:49:07,7.1kn(s),46.26705,-52.9307,7.1,2
02/01/202106:59:39,7kn(s),46.26613,-52.90143,7,2
02/01/202107:10:21,6.5kn(s),46.26506,-52.87251,6.5,2
02/01/202107:21:19,6.8kn(s),46.26149,-52.84347,6.8,2
02/01/202107:36:59,6.7kn(s),46.25428,-52.80191,6.7,2
02/01/202107:47:58,6.9kn(s),46.24981,-52.77206,6.9,2
02/01/202107:58:58,6.9kn(s),46.24896,-52.7418,6.9,2
02/01/202108:14:10,7.1kn(s),46.24883,-52.69947,7.1,2
02/01/202108:25:50,7kn(s),46.24945,-52.66667,7,2
02/01/202108:36:30,7.1kn(s),46.24977,-52.63643,7.1,2
02/01/202109:15:45,7.2kn(s),46.25131,-52.52303,7.2,2
02/01/202109:45:45,7.2kn(s),46.25317,-52.43494,7.2,2
02/01/202111:09:45,7.3kn(s),46.26113,-52.18825,7.3,2
02/01/202112:41:36,7.4kn(s),46.25846,-51.91475,7.4,2
02/01/202114:43:55,7.7kn(s),46.25496,-51.53864,7.7,2
02/01/202117:28:16,7.5kn(s),46.25581,-51.03381,7.5,2
02/01/202118:02:16,7.6kn(s),46.25593,-50.92986,7.6,2
02/01/202118:33:46,7.4kn(s),46.25501,-50.83553,7.4,2
02/01/202119:18:24,7.3kn(s),46.25356,-50.7023,7.3,2
02/01/202119:41:27,7.4kn(s),46.25285,-50.63453,7.4,2
02/01/202120:55:06,7.3kn(s),46.27019,-50.42399,7.3,2
02/01/202121:31:46,7kn(s),46.28664,-50.32352,7,2
02/01/202122:35:56,7kn(s),46.32303,-50.15759,7,2
02/01/202123:10:27,9.8kn(s),46.34014,-50.06458,9.8,2
02/01/202123:21:46,11.5kn(s),46.33642,-50.01535,11.5,2
03/01/202100:24:36,6.7kn(s),46.36154,-49.84432,6.7,3
03/01/202101:09:27,6.8kn(s),46.37689,-49.72509,6.8,3
03/01/202101:39:26,7.1kn(s),46.38544,-49.64559,7.1,3
03/01/202104:01:07,6.6kn(s),46.42573,-49.26414,6.6,3
03/01/202105:46:27,6.1kn(s),46.4648,-49.00296,6.1,3
03/01/202108:49:57,1.3kn(s),46.5623,-48.51897,1.3,3
03/01/202109:23:36,.1kn(s),46.56226,-48.51901,0.1,3
03/01/202109:57:27,1.4kn(s),46.5623,-48.51902,1.4,3
03/01/202110:15:26,.2kn(s),46.56227,-48.51902,0.2,3
03/01/202110:38:46,1kn(s),46.56218,-48.51851,1,3
03/01/202111:07:16,1.5kn(s),46.56218,-48.5185,1.5,3
03/01/202111:46:07,.5kn(s),46.56216,-48.5185,0.5,3
03/01/202112:19:56,.5kn(s),46.56217,-48.51851,0.5,3
04/01/202117:08:42,14.2kn(s),46.50527,-48.88321,14.2,4
04/01/202117:48:19,14.6kn(s),46.47138,-49.10921,14.6,4
04/01/202118:24:07,14.4kn(s),46.44033,-49.3139,14.4,4
04/01/202120:07:07,12kn(s),46.43948,-49.53073,12,4
04/01/202121:15:22,14.8kn(s),46.37061,-49.8945,14.8,4
04/01/202121:50:47,15kn(s),46.34066,-50.10276,15,4
04/01/202122:24:29,15.2kn(s),46.31333,-50.30228,15.2,4
04/01/202122:59:52,14.9kn(s),46.28483,-50.51039,14.9,4
04/01/202123:35:47,14.8kn(s),46.26365,-50.72347,14.8,4
04/01/202123:48:17,14.6kn(s),46.25971,-50.79759,14.6,4
05/01/202100:47:22,14.7kn(s),46.25473,-51.14862,14.7,5
05/01/202101:05:15,14.8kn(s),46.25545,-51.25372,14.8,5
05/01/202101:29:37,14.6kn(s),46.25673,-51.39691,14.6,5
05/01/202101:40:26,14.5kn(s),46.25734,-51.45991,14.5,5
05/01/202101:55:47,14.6kn(s),46.25841,-51.5498,14.6,5
05/01/202102:15:23,14.5kn(s),46.25994,-51.66358,14.5,5
05/01/202102:29:27,14.3kn(s),46.26099,-51.74466,14.3,5
05/01/202102:50:37,14.4kn(s),46.26207,-51.86661,14.4,5
05/01/202103:11:00,14.3kn(s),46.26314,-51.98337,14.3,5
05/01/202103:22:13,14.3kn(s),46.26355,-52.04783,14.3,5
05/01/202104:19:47,14.3kn(s),46.26638,-52.37945,14.3,5
05/01/202104:39:23,14.3kn(s),46.26801,-52.49166,14.3,5
05/01/202104:54:25,14.5kn(s),46.26918,-52.57904,14.5,5
05/01/202105:05:08,14.6kn(s),46.26954,-52.64148,14.6,5
05/01/202105:15:32,14.5kn(s),46.26938,-52.70203,14.5,5
05/01/202105:31:32,14.9kn(s),46.26864,-52.79683,14.9,5
05/01/202105:41:42,14.9kn(s),46.26829,-52.85836,14.9,5
05/01/202105:52:01,15kn(s),46.2686,-52.92034,15,5
05/01/202106:02:18,15kn(s),46.26919,-52.9824,15,5
05/01/202106:17:59,15kn(s),46.27046,-53.07637,15,5
05/01/202106:28:36,15kn(s),46.27137,-53.1401,15,5
05/01/202106:44:06,14.7kn(s),46.27251,-53.23278,14.7,5
05/01/202106:54:28,14.7kn(s),46.27313,-53.29358,14.7,5
05/01/202107:04:49,14.7kn(s),46.27332,-53.35497,14.7,5
05/01/202107:15:24,14.6kn(s),46.27486,-53.41785,14.6,5
05/01/202107:26:02,14.5kn(s),46.28437,-53.47843,14.5,5
05/01/202107:36:29,14.5kn(s),46.29364,-53.538,14.5,5
05/01/202107:46:48,14.4kn(s),46.30312,-53.59593,14.4,5
05/01/202107:57:39,14.3kn(s),46.31293,-53.65671,14.3,5
05/01/202108:08:11,14.3kn(s),46.32252,-53.71621,14.3,5
05/01/202108:23:43,14.5kn(s),46.33652,-53.80326,14.5,5
05/01/202108:33:59,14.7kn(s),46.34627,-53.86228,14.7,5
05/01/202108:44:20,14.8kn(s),46.35597,-53.92193,14.8,5
05/01/202108:54:37,14.9kn(s),46.36593,-53.98223,14.9,5
05/01/202109:15:26,14.8kn(s),46.38809,-54.10213,14.8,5
05/01/202109:26:02,14.7kn(s),46.41191,-54.15407,14.7,5
05/01/202109:36:30,14.5kn(s),46.43859,-54.20171,14.5,5
05/01/202110:07:35,14.8kn(s),46.51951,-54.34397,14.8,5
05/01/202110:28:36,14.4kn(s),46.57267,-54.43807,14.4,5
05/01/202110:44:23,14.4kn(s),46.61287,-54.50824,14.4,5
05/01/202111:05:26,14.1kn(s),46.67844,-54.57937,14.1,5
05/01/202111:15:51,14.4kn(s),46.71515,-54.60691,14.4,5
05/01/202111:26:10,13kn(s),46.75219,-54.62694,13,5
05/01/202111:37:05,13.5kn(s),46.78707,-54.59752,13.5,5
05/01/202111:47:51,12.7kn(s),46.82042,-54.56706,12.7,5
05/01/202111:58:31,11.1kn(s),46.8501,-54.53888,11.1,5
05/01/202112:09:22,9.6kn(s),46.87576,-54.51468,9.6,5
05/01/202112:20:41,10kn(s),46.9013,-54.48971,10,5
05/01/202112:32:02,10.5kn(s),46.92842,-54.46393,10.5,5
05/01/202113:45:03,10.4kn(s),47.09831,-54.29913,10.4,5
05/01/202114:13:00,10.2kn(s),47.16715,-54.23996,10.2,5
05/01/202114:33:32,9.9kn(s),47.21727,-54.19787,9.9,5
05/01/202115:13:58,9kn(s),47.30524,-54.11106,9,5
05/01/202115:34:01,7.5kn(s),47.34803,-54.10551,7.5,5
05/01/202115:54:29,10.6kn(s),47.3985,-54.07861,10.6,5
05/01/202116:10:49,10.9kn(s),47.44422,-54.05212,10.9,5
05/01/202116:32:33,10.8kn(s),47.50394,-54.01646,10.8,5
05/01/202116:44:51,10.8kn(s),47.5384,-54.01031,10.8,5
05/01/202116:55:30,11.2kn(s),47.57039,-54.0193,11.2,5
05/01/202117:18:23,6.9kn(s),47.62611,-54.03394,6.9,5
05/01/202117:28:48,7.5kn(s),47.64689,-54.04003,7.5,5
05/01/202117:38:53,7.7kn(s),47.66777,-54.04599,7.7,5
05/01/202117:57:02,7.8kn(s),47.70636,-54.05517,7.8,5
05/01/202118:07:30,7.7kn(s),47.72879,-54.05759,7.7,5
05/01/202118:17:54,5.8kn(s),47.74836,-54.05782,5.8,5
05/01/202118:28:30,5.2kn(s),47.762,-54.04884,5.2,5
05/01/202118:38:53,3.7kn(s),47.77196,-54.03504,3.7,5
05/01/202118:50:01,2.3kn(s),47.77668,-54.0241,2.3,5
05/01/202120:11:15,0kn(s),47.77464,-54.01569,0,5
05/01/202120:32:12,0kn(s),47.77466,-54.01569,0,5
05/01/202120:53:17,0kn(s),47.77466,-54.01568,0,5
05/01/202121:14:25,0kn(s),47.77466,-54.01568,0,5
05/01/202121:35:16,0kn(s),47.77466,-54.01568,0,5
05/01/202121:56:18,0kn(s),47.77466,-54.01568,0,5
05/01/202122:59:18,0kn(s),47.77467,-54.01568,0,5
05/01/202123:20:23,0kn(s),47.77466,-54.01569,0,5
05/01/202123:41:16,0kn(s),47.77466,-54.01568,0,5
06/01/202100:02:13,0kn(s),47.77466,-54.01568,0,6
06/01/202100:23:16,0kn(s),47.77466,-54.01568,0,6
06/01/202100:44:11,0kn(s),47.77466,-54.01569,0,6
06/01/202101:47:20,0kn(s),47.77466,-54.01568,0,6
06/01/202102:08:21,0kn(s),47.77466,-54.01568,0,6
06/01/202102:29:17,0kn(s),47.77467,-54.01568,0,6
06/01/202102:50:26,0kn(s),47.77467,-54.01568,0,6
06/01/202103:11:23,0kn(s),47.77466,-54.01568,0,6
06/01/202103:32:27,0kn(s),47.77466,-54.01568,0,6
06/01/202103:56:12,0kn(s),47.77466,-54.01568,0,6
06/01/202104:59:28,0kn(s),47.77466,-54.01568,0,6
06/01/202105:20:13,0kn(s),47.77466,-54.01568,0,6
06/01/202105:41:23,0kn(s),47.77466,-54.01568,0,6
06/01/202106:02:27,0kn(s),47.77466,-54.01568,0,6
06/01/202106:26:16,0kn(s),47.77466,-54.01569,0,6
06/01/202107:29:26,0kn(s),47.77466,-54.01568,0,6
06/01/202107:50:21,0kn(s),47.77466,-54.01568,0,6
06/01/202108:14:25,0kn(s),47.77466,-54.01568,0,6
06/01/202108:35:24,0kn(s),47.77466,-54.01568,0,6
06/01/202108:56:21,0kn(s),47.77466,-54.01568,0,6
06/01/202109:17:14,0kn(s),47.77466,-54.01568,0,6
06/01/202109:59:19,0kn(s),47.77466,-54.01569,0,6
06/01/202110:20:21,0kn(s),47.77467,-54.01569,0,6
06/01/202110:41:17,0kn(s),47.77467,-54.01569,0,6
06/01/202111:02:20,0kn(s),47.77466,-54.01569,0,6
06/01/202111:23:17,0kn(s),47.77466,-54.01569,0,6
06/01/202111:44:10,0kn(s),47.77466,-54.01569,0,6
06/01/202112:47:19,0kn(s),47.77467,-54.01569,0,6
06/01/202113:50:20,0kn(s),47.77466,-54.01568,0,6
06/01/202114:11:19,0kn(s),47.77466,-54.01568,0,6
06/01/202114:32:22,0kn(s),47.77466,-54.01566,0,6
06/01/202115:35:10,0kn(s),47.77467,-54.01566,0,6
06/01/202115:56:15,0kn(s),47.77467,-54.01568,0,6
06/01/202116:17:27,0kn(s),47.77467,-54.01568,0,6
06/01/202116:59:20,0kn(s),47.77467,-54.01568,0,6
06/01/202117:20:15,0kn(s),47.77467,-54.01566,0,6
06/01/202118:23:24,0kn(s),47.77467,-54.01566,0,6
06/01/202118:44:20,0kn(s),47.77467,-54.01566,0,6
06/01/202119:08:21,0kn(s),47.77466,-54.01566,0,6
06/01/202119:32:13,0kn(s),47.77466,-54.01568,0,6
06/01/202119:52:26,0kn(s),47.77465,-54.01566,0,6
06/01/202120:14:17,0kn(s),47.77466,-54.01566,0,6
06/01/202120:34:22,0kn(s),47.77467,-54.01566,0,6
06/01/202120:56:13,0kn(s),47.77467,-54.01566,0,6
06/01/202123:34:22,0kn(s),47.77467,-54.01568,0,6
06/01/202123:55:12,0kn(s),47.77467,-54.01566,0,6
07/01/202100:06:44,1.6kn(s),47.77528,-54.01727,1.6,7
07/01/202100:21:25,11.2kn(s),47.76386,-54.05092,11.2,7
07/01/202100:32:13,13.1kn(s),47.72957,-54.05694,13.1,7
07/01/202100:42:31,13.7kn(s),47.6911,-54.05245,13.7,7
07/01/202100:53:36,14.3kn(s),47.64897,-54.04068,14.3,7
07/01/202101:09:40,14.6kn(s),47.58592,-54.02297,14.6,7
07/01/202101:28:18,14.5kn(s),47.51036,-54.01011,14.5,7
07/01/202101:42:22,12.5kn(s),47.4599,-54.04207,12.5,7
07/01/202102:05:22,6.2kn(s),47.42148,-54.08837,6.2,7
07/01/202102:26:02,8.8kn(s),47.38746,-54.11437,8.8,7
07/01/202103:02:41,10.1kn(s),47.29716,-54.18147,10.1,7
07/01/202103:28:21,9.2kn(s),47.24425,-54.2417,9.2,7
07/01/202103:48:42,9.9kn(s),47.20059,-54.29021,9.9,7
07/01/202104:12:42,9.8kn(s),47.14709,-54.34779,9.8,7
07/01/202104:26:00,10kn(s),47.11882,-54.38226,10,7
07/01/202107:17:40,10.2kn(s),46.77498,-54.68981,10.2,7
07/01/202107:52:00,9.7kn(s),46.72868,-54.57783,9.7,7
07/01/202108:04:32,9.6kn(s),46.71163,-54.53556,9.6,7
07/01/202108:15:11,9.6kn(s),46.69655,-54.50002,9.6,7
07/01/202108:25:30,9.3kn(s),46.68201,-54.46675,9.3,7
07/01/202108:36:31,9.4kn(s),46.66659,-54.43181,9.4,7
07/01/202108:47:12,9.5kn(s),46.65155,-54.3974,9.5,7
07/01/202109:00:31,9.4kn(s),46.63299,-54.35455,9.4,7
07/01/202109:17:25,8.6kn(s),46.61335,-54.30052,8.6,7
07/01/202109:28:12,9.9kn(s),46.61348,-54.25959,9.9,7
07/01/202109:39:05,9.7kn(s),46.61316,-54.21648,9.7,7
07/01/202109:49:30,10kn(s),46.6131,-54.17524,10,7
07/01/202110:00:12,9.9kn(s),46.6134,-54.13182,9.9,7
07/01/202110:10:30,10.7kn(s),46.61361,-54.0895,10.7,7
07/01/202110:21:13,10.5kn(s),46.61375,-54.04463,10.5,7
07/01/202110:34:23,10.5kn(s),46.61381,-53.98905,10.5,7
07/01/202110:47:05,10.3kn(s),46.6415,-53.96487,10.3,7
07/01/202110:57:25,10.5kn(s),46.66904,-53.9472,10.5,7
07/01/202111:13:02,9.8kn(s),46.70962,-53.92086,9.8,7
07/01/202111:23:52,9.7kn(s),46.7364,-53.90373,9.7,7
07/01/202111:34:55,9.7kn(s),46.76353,-53.88665,9.7,7
07/01/202111:45:43,9.5kn(s),46.79006,-53.87035,9.5,7
07/01/202111:59:53,9.4kn(s),46.82389,-53.84973,9.4,7
07/01/202112:11:31,8.6kn(s),46.8516,-53.83118,8.6,7
07/01/202112:38:32,9.9kn(s),46.91676,-53.7923,9.9,7
07/01/202112:49:12,9.3kn(s),46.94237,-53.7725,9.3,7
07/01/202113:00:33,7.4kn(s),46.96597,-53.7549,7.4,7
07/01/202113:10:53,6.7kn(s),46.98326,-53.74187,6.7,7
07/01/202113:53:34,6.4kn(s),47.05775,-53.68584,6.4,7
07/01/202116:42:59,0kn(s),47.06715,-53.63507,0,7
07/01/202119:24:48,0kn(s),47.07009,-53.63355,0,7
07/01/202120:56:50,0kn(s),47.07048,-53.63249,0,7
08/01/202110:19:00,0kn(s),47.07099,-53.62881,0,8
08/01/202119:42:55,0kn(s),47.07116,-53.6279,0,8
08/01/202121:22:11,0kn(s),47.07092,-53.62736,0,8
08/01/202122:12:34,0kn(s),47.07072,-53.62706,0,8
08/01/202122:49:14,.5kn(s),47.06923,-53.62625,0.5,8
08/01/202123:16:45,7.5kn(s),47.05938,-53.68562,7.5,8
08/01/202123:46:45,9.4kn(s),46.99119,-53.73722,9.4,8
08/01/202123:57:13,9.2kn(s),46.96703,-53.75568,9.2,8
09/01/202100:08:28,6.4kn(s),46.94653,-53.77067,6.4,9
09/01/202100:19:17,6.2kn(s),46.92956,-53.782,6.2,9
09/01/202100:30:14,6.2kn(s),46.91199,-53.79118,6.2,9
09/01/202100:40:47,5.9kn(s),46.89424,-53.78866,5.9,9
09/01/202100:55:56,6.2kn(s),46.86881,-53.78842,6.2,9
09/01/202101:06:58,6kn(s),46.84976,-53.78686,6,9
09/01/202101:18:33,6.3kn(s),46.82939,-53.78529,6.3,9
09/01/202101:29:17,6.1kn(s),46.81161,-53.7866,6.1,9
09/01/202101:40:07,5.7kn(s),46.79453,-53.78846,5.7,9
09/01/202101:50:46,5.9kn(s),46.77745,-53.791,5.9,9
09/01/202102:07:08,5.8kn(s),46.7513,-53.7926,5.8,9
09/01/202102:17:54,5.6kn(s),46.73444,-53.79263,5.6,9
09/01/202102:28:15,5.3kn(s),46.71864,-53.79263,5.3,9
09/01/202102:39:06,5kn(s),46.70227,-53.79198,5,9
09/01/202102:49:58,5.5kn(s),46.68674,-53.79118,5.5,9
09/01/202103:00:16,5.4kn(s),46.67135,-53.79145,5.4,9
09/01/202103:10:24,4.9kn(s),46.65655,-53.79153,4.9,9
09/01/202103:20:55,4.8kn(s),46.64163,-53.79154,4.8,9
09/01/202103:32:03,4.7kn(s),46.62594,-53.79228,4.7,9
09/01/202103:47:15,5.3kn(s),46.60495,-53.79279,5.3,9
09/01/202104:02:52,5.7kn(s),46.58453,-53.77999,5.7,9
09/01/202104:15:32,5.9kn(s),46.57096,-53.75632,5.9,9
09/01/202104:29:06,5.7kn(s),46.5555,-53.7328,5.7,9
09/01/202104:39:37,5.6kn(s),46.54401,-53.71596,5.6,9
09/01/202104:50:18,6.3kn(s),46.53121,-53.69877,6.3,9
09/01/202105:00:35,5.5kn(s),46.518,-53.6831,5.5,9
09/01/202105:15:35,5.9kn(s),46.49942,-53.66154,5.9,9
09/01/202105:26:14,5.5kn(s),46.486,-53.64668,5.5,9
09/01/202105:36:45,6kn(s),46.4729,-53.63137,6,9
09/01/202105:47:37,6.2kn(s),46.45881,-53.61527,6.2,9
09/01/202106:02:16,5.5kn(s),46.43978,-53.59345,5.5,9
09/01/202106:18:45,6kn(s),46.41995,-53.57037,6,9
09/01/202106:29:37,5.7kn(s),46.40641,-53.55416,5.7,9
09/01/202106:40:06,5.2kn(s),46.39314,-53.53876,5.2,9
09/01/202106:50:36,5.8kn(s),46.38027,-53.52409,5.8,9
09/01/202107:01:24,6.1kn(s),46.36599,-53.50838,6.1,9
09/01/202107:12:35,5.7kn(s),46.352,-53.49258,5.7,9
09/01/202107:23:37,5.6kn(s),46.3385,-53.47743,5.6,9
09/01/202107:33:58,6kn(s),46.32581,-53.46185,6,9
09/01/202107:44:44,6.3kn(s),46.31161,-53.44474,6.3,9
09/01/202107:55:36,6.3kn(s),46.29789,-53.42716,6.3,9
09/01/202108:06:26,6.1kn(s),46.28359,-53.40934,6.1,9
09/01/202108:18:06,6.6kn(s),46.27885,-53.38175,6.6,9
09/01/202108:28:47,6.4kn(s),46.27938,-53.35382,6.4,9
09/01/202108:39:57,7.1kn(s),46.27993,-53.32396,7.1,9
09/01/202108:51:13,7.9kn(s),46.27958,-53.29072,7.9,9
09/01/202109:13:06,8.1kn(s),46.27891,-53.21854,8.1,9
09/01/202109:25:03,7.8kn(s),46.27786,-53.17933,7.8,9
09/01/202109:36:34,8kn(s),46.27605,-53.14257,8,9
09/01/202109:47:14,8.1kn(s),46.2745,-53.10791,8.1,9
09/01/202110:01:08,8.6kn(s),46.2726,-53.06293,8.6,9
09/01/202110:13:23,8.3kn(s),46.271,-53.02268,8.3,9
09/01/202110:23:57,7.9kn(s),46.2703,-52.98947,7.9,9
09/01/202110:34:25,7.4kn(s),46.26944,-52.95728,7.4,9
09/01/202110:45:27,8.1kn(s),46.26901,-52.92224,8.1,9
09/01/202110:57:05,8.2kn(s),46.26934,-52.88494,8.2,9
09/01/202111:08:12,7.6kn(s),46.26974,-52.84954,7.6,9
09/01/202111:18:55,7.9kn(s),46.27026,-52.81596,7.9,9
09/01/202111:30:05,8.2kn(s),46.27069,-52.77987,8.2,9
09/01/202111:45:37,7.8kn(s),46.27109,-52.73029,7.8,9
09/01/202111:57:04,8.3kn(s),46.27148,-52.6933,8.3,9
09/01/202112:08:47,8kn(s),46.27191,-52.6557,8,9
09/01/202112:21:07,8.2kn(s),46.27171,-52.61655,8.2,9
09/01/202112:36:07,5kn(s),46.27334,-52.57681,5,9
09/01/202112:55:48,6.5kn(s),46.26549,-52.61101,6.5,9
09/01/202113:09:26,7kn(s),46.26393,-52.56907,7,9
09/01/202113:39:44,7.7kn(s),46.2641,-52.47748,7.7,9
09/01/202113:52:23,8.1kn(s),46.26393,-52.43733,8.1,9
09/01/202114:16:24,7.6kn(s),46.26348,-52.36109,7.6,9
09/01/202114:26:27,7.2kn(s),46.26379,-52.331,7.2,9
09/01/202114:54:03,8.1kn(s),46.26373,-52.24274,8.1,9
09/01/202115:56:42,8.1kn(s),46.26307,-52.04047,8.1,9
09/01/202116:09:05,8.6kn(s),46.2627,-51.9997,8.6,9
09/01/202116:25:04,7.8kn(s),46.26242,-51.94829,7.8,9
09/01/202116:35:33,8kn(s),46.26208,-51.91547,8,9
09/01/202118:14:23,7.9kn(s),46.26377,-51.61021,7.9,9
09/01/202118:49:13,7.9kn(s),46.26622,-51.50279,7.9,9
09/01/202119:26:43,8.7kn(s),46.2687,-51.37525,8.7,9
09/01/202120:03:14,8.7kn(s),46.2693,-51.24822,8.7,9
09/01/202120:37:54,9kn(s),46.26528,-51.12678,9,9
09/01/202121:11:53,9kn(s),46.26475,-51.00662,9,9
09/01/202121:43:02,8.4kn(s),46.26205,-50.89787,8.4,9
09/01/202122:54:33,8.8kn(s),46.25463,-50.64429,8.8,9
10/01/202100:44:53,7.8kn(s),46.29349,-50.27463,7.8,10
10/01/202101:21:23,6kn(s),46.30757,-50.17941,6,10
10/01/202103:04:33,5kn(s),46.34089,-49.96028,5,10
10/01/202104:28:13,4.8kn(s),46.36929,-49.80125,4.8,10
10/01/202104:55:23,4.5kn(s),46.37743,-49.75179,4.5,10
10/01/202106:10:53,5.3kn(s),46.40296,-49.60289,5.3,10
10/01/202106:42:12,5.5kn(s),46.4157,-49.53711,5.5,10
10/01/202108:07:40,5.5kn(s),46.44216,-49.35876,5.5,10
10/01/202108:28:54,5.4kn(s),46.44702,-49.31479,5.4,10
10/01/202109:05:33,5.3kn(s),46.45502,-49.23992,5.3,10
10/01/202109:36:43,5.3kn(s),46.46341,-49.17814,5.3,10
10/01/202113:03:43,5.4kn(s),46.55539,-48.76307,5.4,10
10/01/202113:58:22,5.4kn(s),46.59896,-48.66542,5.4,10
10/01/202114:55:33,5.5kn(s),46.64442,-48.55938,5.5,10
10/01/202116:09:14,9.4kn(s),46.69801,-48.39074,9.4,10
10/01/202117:22:33,2.9kn(s),46.76525,-48.31819,2.9,10
10/01/202117:52:43,2.4kn(s),46.78625,-48.31766,2.4,10
10/01/202118:34:13,5.1kn(s),46.75954,-48.28896,5.1,10
10/01/202119:06:10,7.8kn(s),46.71698,-48.2585,7.8,10
10/01/202120:10:44,4.4kn(s),46.76322,-48.05201,4.4,10
10/01/202120:23:54,1.9kn(s),46.77021,-48.04017,1.9,10
10/01/202122:05:22,.1kn(s),46.77218,-48.03908,0.1,10
10/01/202123:47:52,.3kn(s),46.77218,-48.03909,0.3,10
11/01/202102:20:42,.2kn(s),46.77232,-48.01841,0.2,11
11/01/202102:42:13,.1kn(s),46.77233,-48.01846,0.1,11
11/01/202105:13:43,.5kn(s),46.78439,-48.01764,0.5,11
11/01/202106:22:24,.2kn(s),46.78429,-48.01637,0.2,11
11/01/202115:44:53,5.6kn(s),46.85663,-48.36952,5.6,11
11/01/202117:28:52,5.5kn(s),46.7462,-48.32534,5.5,11
11/01/202118:03:32,5.2kn(s),46.70007,-48.29097,5.2,11
11/01/202118:38:22,5.2kn(s),46.65439,-48.25787,5.2,11
11/01/202119:14:11,5.6kn(s),46.6068,-48.23217,5.6,11
11/01/202120:22:32,5.1kn(s),46.5132,-48.176,5.1,11
11/01/202120:41:30,5.3kn(s),46.48743,-48.161,5.3,11
11/01/202121:43:02,5.7kn(s),46.4036,-48.10726,5.7,11
11/01/202122:15:52,5kn(s),46.36008,-48.07922,5,11
11/01/202123:24:12,5.6kn(s),46.26859,-48.01597,5.6,11
11/01/202123:59:43,5.2kn(s),46.22125,-47.98495,5.2,11
12/01/202100:35:22,5.6kn(s),46.17326,-47.95226,5.6,12
12/01/202101:09:02,5.5kn(s),46.12661,-47.9219,5.5,12
12/01/202102:20:02,1.9kn(s),46.11099,-47.90417,1.9,12
12/01/202102:58:43,2.8kn(s),46.13443,-47.9229,2.8,12
12/01/202103:42:53,3.3kn(s),46.16472,-47.94879,3.3,12
12/01/202104:17:24,3kn(s),46.19134,-47.96847,3,12
12/01/202104:50:52,2.6kn(s),46.21569,-47.98799,2.6,12
12/01/202105:24:43,2.9kn(s),46.24223,-48.00776,2.9,12
12/01/202105:59:43,3.5kn(s),46.27276,-48.03014,3.5,12
12/01/202106:34:12,3.6kn(s),46.30411,-48.05313,3.6,12
12/01/202107:09:52,2.8kn(s),46.3318,-48.07263,2.8,12
12/01/202107:43:53,2.4kn(s),46.35042,-48.08552,2.4,12
12/01/202108:15:53,2.4kn(s),46.36661,-48.09355,2.4,12
12/01/202110:19:22,2.5kn(s),46.42582,-48.15426,2.5,12
12/01/202114:41:21,2.4kn(s),46.54772,-48.5182,2.4,12
12/01/202118:15:32,1.1kn(s),46.55817,-48.50107,1.1,12
13/01/202115:02:33,12.1kn(s),46.5554,-48.63475,12.1,13
13/01/202118:28:16,13.5kn(s),46.36056,-49.72292,13.5,13
13/01/202119:37:37,13.3kn(s),46.31396,-50.09647,13.3,13
13/01/202120:12:26,13.6kn(s),46.28943,-50.2842,13.6,13
13/01/202122:10:48,13.8kn(s),46.25284,-50.91828,13.8,13
13/01/202123:49:23,13.6kn(s),46.25965,-51.45756,13.6,13
14/01/202100:23:03,13.6kn(s),46.26159,-51.64052,13.6,14
14/01/202102:23:20,13.8kn(s),46.26735,-52.29803,13.8,14
14/01/202102:56:40,13.8kn(s),46.26934,-52.48226,13.8,14
14/01/202103:10:51,13.6kn(s),46.27007,-52.55996,13.6,14
14/01/202103:21:53,13.6kn(s),46.27067,-52.61985,13.6,14
14/01/202103:33:12,13.4kn(s),46.2713,-52.68135,13.4,14
14/01/202104:00:11,13.5kn(s),46.27138,-52.82721,13.5,14
14/01/202104:10:54,13.6kn(s),46.27127,-52.88514,13.6,14
14/01/202104:21:23,13.8kn(s),46.27052,-52.94246,13.8,14
14/01/202104:36:32,13.9kn(s),46.26966,-53.02656,13.9,14
14/01/202104:48:01,13.9kn(s),46.26978,-53.09061,13.9,14
14/01/202104:58:32,13.9kn(s),46.27073,-53.14967,13.9,14
14/01/202105:09:05,13.8kn(s),46.27195,-53.20871,13.8,14
14/01/202105:24:24,13.9kn(s),46.27323,-53.29375,13.9,14
14/01/202105:35:04,14kn(s),46.27341,-53.35284,14,14
14/01/202105:45:29,14kn(s),46.27354,-53.41119,14,14
14/01/202105:56:31,13.7kn(s),46.27397,-53.4724,13.7,14
14/01/202106:08:31,13.7kn(s),46.27439,-53.53852,13.7,14
14/01/202106:19:08,13.7kn(s),46.27492,-53.59694,13.7,14
14/01/202106:29:40,13.6kn(s),46.27592,-53.6546,13.6,14
14/01/202106:39:57,13.7kn(s),46.28887,-53.70794,13.7,14
14/01/202106:50:18,13.8kn(s),46.30279,-53.76144,13.8,14
14/01/202107:01:30,13.8kn(s),46.31794,-53.81925,13.8,14
14/01/202107:12:18,13.8kn(s),46.33278,-53.87515,13.8,14
14/01/202107:23:34,14kn(s),46.34808,-53.93356,14,14
14/01/202107:38:14,13.9kn(s),46.36771,-54.01041,13.9,14
14/01/202107:48:36,14kn(s),46.3821,-54.06471,14,14
14/01/202107:59:21,13.9kn(s),46.39659,-54.12032,13.9,14
14/01/202108:09:45,13.9kn(s),46.41125,-54.17462,13.9,14
14/01/202108:20:14,14kn(s),46.4263,-54.22948,14,14
14/01/202108:30:48,13.4kn(s),46.44337,-54.28304,13.4,14
14/01/202108:41:53,13.2kn(s),46.47104,-54.32646,13.2,14
14/01/202108:52:33,13.6kn(s),46.49795,-54.36903,13.6,14
14/01/202109:03:34,14.1kn(s),46.52673,-54.41386,14.1,14
14/01/202109:25:44,14.4kn(s),46.58949,-54.50628,14.4,14
14/01/202109:37:54,13.6kn(s),46.62189,-54.55562,13.6,14
14/01/202109:51:16,13.3kn(s),46.65672,-54.60791,13.3,14
14/01/202110:46:38,13.2kn(s),46.82325,-54.5694,13.2,14
14/01/202111:14:44,13.2kn(s),46.91058,-54.48311,13.2,14
14/01/202112:41:43,12.9kn(s),47.17248,-54.22946,12.9,14
14/01/202113:02:34,13kn(s),47.23691,-54.17253,13,14
14/01/202113:23:04,10.2kn(s),47.2972,-54.1169,10.2,14
14/01/202114:25:13,11.2kn(s),47.47445,-54.03175,11.2,14
14/01/202114:45:33,9.6kn(s),47.53218,-54.00778,9.6,14
14/01/202115:01:55,8.7kn(s),47.57318,-54.01767,8.7,14
14/01/202115:12:35,8.4kn(s),47.59839,-54.02352,8.4,14
14/01/202115:23:34,7.3kn(s),47.62183,-54.02941,7.3,14
14/01/202115:34:15,7.1kn(s),47.64279,-54.03468,7.1,14
14/01/202115:45:15,7kn(s),47.66396,-54.04041,7,14
14/01/202115:55:45,7.1kn(s),47.68421,-54.04604,7.1,14
14/01/202116:06:13,6.8kn(s),47.70429,-54.05149,6.8,14
14/01/202116:17:05,6.9kn(s),47.72485,-54.0561,6.9,14
14/01/202116:27:44,6.8kn(s),47.74511,-54.05718,6.8,14
14/01/202116:38:33,6.1kn(s),47.76281,-54.04866,6.1,14
14/01/202116:48:54,3.5kn(s),47.77257,-54.03327,3.5,14
14/01/202116:59:44,1.4kn(s),47.77594,-54.023,1.4,14
14/01/202117:10:45,.9kn(s),47.77563,-54.01861,0.9,14
14/01/202117:26:54,.4kn(s),47.77482,-54.016,0.4,14
14/01/202117:37:37,0kn(s),47.77472,-54.01588,0,14
14/01/202117:59:03,0kn(s),47.77469,-54.0158,0,14
14/01/202118:19:56,0kn(s),47.77467,-54.01575,0,14
14/01/202119:04:57,0kn(s),47.77465,-54.0157,0,14
14/01/202119:26:04,0kn(s),47.77464,-54.01569,0,14
14/01/202119:46:55,0kn(s),47.77465,-54.01568,0,14
14/01/202120:07:58,0kn(s),47.77466,-54.01568,0,14
14/01/202121:11:01,0kn(s),47.77466,-54.01566,0,14
14/01/202121:53:11,0kn(s),47.77466,-54.01566,0,14
14/01/202122:14:11,0kn(s),47.77466,-54.01566,0,14
14/01/202122:44:09,0kn(s),47.77466,-54.01568,0,14
14/01/202123:08:03,0kn(s),47.77466,-54.01568,0,14
14/01/202123:28:11,0kn(s),47.77466,-54.01568,0,14
14/01/202123:50:11,0kn(s),47.77466,-54.01568,0,14
15/01/202100:13:55,0kn(s),47.77466,-54.01568,0,15
15/01/202100:38:02,0kn(s),47.77466,-54.01568,0,15
15/01/202100:58:20,0kn(s),47.77466,-54.01568,0,15
15/01/202101:20:01,0kn(s),47.77466,-54.01568,0,15
15/01/202102:02:01,0kn(s),47.77466,-54.01568,0,15
15/01/202102:25:53,0kn(s),47.77466,-54.01568,0,15
15/01/202102:45:58,0kn(s),47.77466,-54.01568,0,15
15/01/202103:08:00,0kn(s),47.77466,-54.01568,0,15
15/01/202103:28:01,0kn(s),47.77465,-54.01568,0,15
15/01/202103:50:02,0kn(s),47.77466,-54.01568,0,15
15/01/202105:16:08,0kn(s),47.77466,-54.01568,0,15
15/01/202105:37:59,0kn(s),47.77467,-54.01568,0,15
15/01/202105:58:04,0kn(s),47.77467,-54.01568,0,15
15/01/202106:20:05,0kn(s),47.77467,-54.01568,0,15
15/01/202106:40:12,0kn(s),47.77466,-54.01568,0,15
15/01/202107:01:58,0kn(s),47.77466,-54.01568,0,15
15/01/202108:04:05,0kn(s),47.77466,-54.01568,0,15
15/01/202108:26:04,0kn(s),47.77466,-54.01568,0,15
15/01/202108:50:12,0kn(s),47.77466,-54.01568,0,15
15/01/202109:33:59,0kn(s),47.77466,-54.01568,0,15
15/01/202109:56:11,0kn(s),47.77466,-54.01568,0,15
15/01/202110:20:00,0kn(s),47.77466,-54.01568,0,15
15/01/202111:08:08,0kn(s),47.77466,-54.01568,0,15
15/01/202112:14:07,0kn(s),47.77466,-54.01568,0,15
15/01/202112:37:55,0kn(s),47.77466,-54.01568,0,15
15/01/202112:58:08,0kn(s),47.77466,-54.01568,0,15
15/01/202113:20:01,0kn(s),47.77466,-54.01568,0,15
15/01/202113:44:04,0kn(s),47.77466,-54.01566,0,15
15/01/202114:07:55,0kn(s),47.77466,-54.01566,0,15
15/01/202114:28:03,0kn(s),47.77467,-54.01566,0,15
15/01/202117:28:10,0kn(s),47.77466,-54.01566,0,15
15/01/202117:50:04,0kn(s),47.77466,-54.01566,0,15
15/01/202118:14:05,0kn(s),47.77466,-54.01566,0,15
15/01/202118:37:59,0kn(s),47.77466,-54.01566,0,15
15/01/202118:58:08,0kn(s),47.77465,-54.01566,0,15
15/01/202119:20:11,0kn(s),47.77465,-54.01566,0,15
15/01/202119:44:07,0kn(s),47.77465,-54.01566,0,15
15/01/202120:04:10,0kn(s),47.77465,-54.01566,0,15
15/01/202120:25:56,0kn(s),47.77466,-54.01566,0,15
15/01/202123:04:06,0kn(s),47.77466,-54.01566,0,15
15/01/202123:50:07,0kn(s),47.77466,-54.01568,0,15
16/01/202100:10:09,0kn(s),47.77466,-54.01568,0,16
16/01/202100:56:03,0kn(s),47.77466,-54.01568,0,16
16/01/202102:50:11,0kn(s),47.77466,-54.01568,0,16
16/01/202103:13:54,0kn(s),47.77466,-54.01568,0,16
16/01/202103:33:59,0kn(s),47.77465,-54.01569,0,16
16/01/202103:55:56,0kn(s),47.77466,-54.01569,0,16
16/01/202104:20:02,0kn(s),47.77466,-54.01569,0,16
16/01/202104:40:04,0kn(s),47.77466,-54.01569,0,16
16/01/202105:02:11,0kn(s),47.77466,-54.01568,0,16
16/01/202105:25:58,0kn(s),47.77466,-54.01568,0,16
16/01/202105:50:08,0kn(s),47.77466,-54.01568,0,16
16/01/202106:13:57,0kn(s),47.77466,-54.01568,0,16
16/01/202106:38:07,0kn(s),47.77466,-54.01568,0,16
16/01/202107:02:04,0kn(s),47.77466,-54.01569,0,16
16/01/202107:26:06,0kn(s),47.77465,-54.01569,0,16
16/01/202107:50:11,0kn(s),47.77466,-54.01569,0,16
16/01/202108:14:10,0kn(s),47.77466,-54.01569,0,16
16/01/202108:38:03,0kn(s),47.77466,-54.01569,0,16
16/01/202109:01:57,0kn(s),47.77466,-54.01569,0,16
16/01/202110:28:06,0kn(s),47.77465,-54.01568,0,16
16/01/202110:49:59,0kn(s),47.77465,-54.01569,0,16
16/01/202111:10:09,0kn(s),47.77465,-54.01569,0,16
16/01/202111:32:12,0kn(s),47.77465,-54.01569,0,16
16/01/202111:55:56,0kn(s),47.77465,-54.01569,0,16
16/01/202112:16:05,0kn(s),47.77465,-54.01569,0,16
16/01/202112:38:06,0kn(s),47.77466,-54.01569,0,16
16/01/202113:02:00,0kn(s),47.77465,-54.01568,0,16
16/01/202113:30:23,0kn(s),47.77465,-54.01568,0,16
16/01/202113:41:21,0kn(s),47.77465,-54.01568,0,16
16/01/202113:51:46,0kn(s),47.77466,-54.01568,0,16
16/01/202114:02:55,0kn(s),47.77466,-54.01568,0,16
16/01/202114:13:35,0kn(s),47.77466,-54.01568,0,16
16/01/202114:24:04,0kn(s),47.77466,-54.01568,0,16
16/01/202114:34:34,0kn(s),47.77466,-54.01568,0,16
16/01/202114:45:32,0kn(s),47.77466,-54.01568,0,16
16/01/202115:02:13,0kn(s),47.77466,-54.01568,0,16
16/01/202115:12:36,0kn(s),47.77466,-54.01569,0,16
16/01/202115:23:06,0kn(s),47.77466,-54.01569,0,16
16/01/202115:47:55,0kn(s),47.77465,-54.01568,0,16
16/01/202116:12:00,0kn(s),47.77465,-54.01568,0,16
16/01/202117:17:50,0kn(s),47.77465,-54.01568,0,16
16/01/202117:38:00,0kn(s),47.77466,-54.01568,0,16
16/01/202117:59:52,0kn(s),47.77466,-54.01568,0,16
16/01/202118:23:50,0kn(s),47.77466,-54.01568,0,16
16/01/202118:47:51,0kn(s),47.77466,-54.01569,0,16
16/01/202120:21:28,0kn(s),47.77465,-54.01568,0,16
16/01/202120:35:04,0kn(s),47.77465,-54.01568,0,16
16/01/202120:48:16,0kn(s),47.77465,-54.01568,0,16
16/01/202120:58:53,1.5kn(s),47.77542,-54.01666,1.5,16
16/01/202121:09:25,10.2kn(s),47.77035,-54.03863,10.2,16
16/01/202121:23:23,13.5kn(s),47.73032,-54.05637,13.5,16
16/01/202121:34:33,13.8kn(s),47.68822,-54.05049,13.8,16
16/01/202121:45:52,14.7kn(s),47.64387,-54.03842,14.7,16
16/01/202121:56:04,15.5kn(s),47.60188,-54.02728,15.5,16
16/01/202122:09:44,15.8kn(s),47.54287,-54.01171,15.8,16
16/01/202122:28:56,16.6kn(s),47.46188,-54.04297,16.6,16
16/01/202122:50:34,11.8kn(s),47.38051,-54.10656,11.8,16
16/01/202123:15:08,8kn(s),47.32857,-54.15238,8,16
16/01/202123:38:28,7.8kn(s),47.28674,-54.19681,7.8,16
16/01/202123:58:29,7.4kn(s),47.25181,-54.23055,7.4,16
17/01/202101:48:50,7.7kn(s),47.0696,-54.4466,7.7,17
17/01/202102:23:48,8.1kn(s),47.01173,-54.51729,8.1,17
17/01/202102:58:19,8kn(s),46.95479,-54.59379,8,17
17/01/202104:07:28,8.1kn(s),46.8406,-54.74065,8.1,17
17/01/202104:41:19,6.1kn(s),46.79688,-54.71887,6.1,17
17/01/202105:16:00,7.7kn(s),46.76104,-54.63358,7.7,17
17/01/202105:54:00,7.9kn(s),46.7132,-54.53807,7.9,17
17/01/202106:11:39,7.9kn(s),46.6895,-54.49261,7.9,17
17/01/202106:23:51,7.8kn(s),46.67356,-54.46192,7.8,17
17/01/202106:39:31,7.7kn(s),46.6547,-54.42181,7.7,17
17/01/202106:50:40,7.6kn(s),46.64197,-54.39321,7.6,17
17/01/202107:01:42,7.7kn(s),46.62933,-54.36536,7.7,17
17/01/202107:23:23,7.9kn(s),46.61197,-54.3045,7.9,17
17/01/202107:34:09,8.1kn(s),46.61141,-54.27044,8.1,17
17/01/202107:50:20,8.2kn(s),46.61093,-54.21679,8.2,17
17/01/202108:01:09,8.3kn(s),46.61069,-54.18004,8.3,17
17/01/202108:12:22,8.6kn(s),46.61116,-54.14191,8.6,17
17/01/202108:26:41,8.9kn(s),46.61209,-54.09197,8.9,17
17/01/202108:39:13,9kn(s),46.61301,-54.04682,9,17
17/01/202108:49:40,8.8kn(s),46.61396,-54.00883,8.8,17
17/01/202109:00:30,7.5kn(s),46.62235,-53.97662,7.5,17
17/01/202109:11:39,9kn(s),46.64642,-53.96306,9,17
17/01/202109:32:30,9.4kn(s),46.69522,-53.93263,9.4,17
17/01/202109:53:23,9.4kn(s),46.74587,-53.90219,9.4,17
17/01/202110:04:09,9.4kn(s),46.77126,-53.88497,9.4,17
17/01/202110:14:21,9kn(s),46.79484,-53.8689,9,17
17/01/202110:24:43,8.9kn(s),46.81791,-53.85337,8.9,17
17/01/202110:35:32,9kn(s),46.84269,-53.83799,9,17
17/01/202110:45:59,9.1kn(s),46.86655,-53.82157,9.1,17
17/01/202110:56:29,9.1kn(s),46.89048,-53.80461,9.1,17
17/01/202111:07:02,6.2kn(s),46.90991,-53.79183,6.2,17
17/01/202111:17:12,6.4kn(s),46.92607,-53.78104,6.4,17
17/01/202111:27:31,6.4kn(s),46.94284,-53.77056,6.4,17
17/01/202111:44:42,9.7kn(s),46.97264,-53.74994,9.7,17
17/01/202112:31:50,3.9kn(s),47.05171,-53.62689,3.9,17
17/01/202115:49:11,0kn(s),47.05515,-53.62507,0,17
17/01/202120:59:54,.5kn(s),47.05731,-53.62461,0.5,17
17/01/202121:15:37,.5kn(s),47.05784,-53.62385,0.5,17
17/01/202122:40:42,12.8kn(s),46.97275,-53.75095,12.8,17
17/01/202122:51:11,13kn(s),46.93883,-53.77563,13,17
17/01/202123:03:00,12.9kn(s),46.8988,-53.79224,12.9,17
17/01/202123:13:41,14.3kn(s),46.8583,-53.79198,14.3,17
17/01/202123:24:18,14.9kn(s),46.81515,-53.79244,14.9,17
17/01/202123:45:40,15kn(s),46.72654,-53.79314,15,17
17/01/202123:56:12,14.9kn(s),46.68325,-53.79233,14.9,17
18/01/202100:07:42,14.9kn(s),46.63568,-53.79163,14.9,18
18/01/202100:18:13,13.8kn(s),46.59422,-53.78522,13.8,18
18/01/202100:28:49,15kn(s),46.5616,-53.74382,15,18
18/01/202100:39:48,14.8kn(s),46.52722,-53.70067,14.8,18
18/01/202100:50:13,15kn(s),46.49423,-53.66058,15,18
18/01/202101:00:29,15.1kn(s),46.46095,-53.6211,15.1,18
18/01/202101:10:55,14.8kn(s),46.42723,-53.58105,14.8,18
18/01/202101:22:44,14.8kn(s),46.38951,-53.53612,14.8,18
18/01/202101:33:14,15kn(s),46.35601,-53.49562,15,18
18/01/202101:43:37,14.9kn(s),46.32277,-53.45593,14.9,18
18/01/202101:53:59,14.9kn(s),46.28973,-53.41687,14.9,18
18/01/202102:04:18,14.5kn(s),46.27664,-53.3653,14.5,18
18/01/202102:14:56,14.6kn(s),46.27556,-53.30265,14.6,18
18/01/202102:25:33,15.2kn(s),46.27437,-53.23882,15.2,18
18/01/202102:35:42,15.3kn(s),46.27333,-53.17715,15.3,18
18/01/202102:45:58,15.2kn(s),46.27297,-53.11492,15.2,18
18/01/202102:56:12,15.1kn(s),46.27263,-53.05273,15.1,18
18/01/202103:06:36,15.2kn(s),46.27199,-52.9896,15.2,18
18/01/202103:17:01,14.8kn(s),46.27113,-52.92761,14.8,18
18/01/202103:27:41,14.7kn(s),46.27021,-52.86314,14.7,18
18/01/202103:38:37,15.3kn(s),46.26939,-52.79736,15.3,18
18/01/202103:49:30,15.4kn(s),46.2682,-52.73015,15.4,18
18/01/202104:00:34,15.5kn(s),46.26687,-52.66171,15.5,18
18/01/202104:12:08,15.2kn(s),46.26549,-52.59119,15.2,18
18/01/202104:22:44,15.2kn(s),46.26474,-52.52679,15.2,18
18/01/202104:33:12,15.1kn(s),46.26471,-52.46274,15.1,18
18/01/202104:44:06,15.1kn(s),46.267,-52.39634,15.1,18
18/01/202104:54:52,15kn(s),46.26977,-52.33107,15,18
18/01/202105:29:28,15.3kn(s),46.27967,-52.1212,15.3,18
18/01/202106:03:53,15.1kn(s),46.28992,-51.91255,15.1,18
18/01/202107:41:14,15kn(s),46.27495,-51.32357,15,18
18/01/202108:06:40,15.1kn(s),46.2694,-51.17083,15.1,18
18/01/202108:53:34,14.9kn(s),46.26048,-50.89001,14.9,18
18/01/202109:13:32,14.7kn(s),46.25779,-50.77108,14.7,18
18/01/202110:39:16,14.7kn(s),46.30667,-50.28277,14.7,18
18/01/202111:30:35,14.4kn(s),46.38863,-50.00952,14.4,18
18/01/202112:26:22,14.6kn(s),46.47802,-49.71237,14.6,18
18/01/202113:08:05,14.6kn(s),46.54608,-49.48877,14.6,18
18/01/202113:19:05,14.8kn(s),46.56475,-49.42867,14.8,18
18/01/202116:36:09,0kn(s),46.75416,-48.74386,0,18
18/01/202116:47:19,.4kn(s),46.75413,-48.74388,0.4,18
18/01/202117:56:09,.5kn(s),46.75416,-48.74383,0.5,18
18/01/202119:06:09,.4kn(s),46.75165,-48.74812,0.4,18
18/01/202119:42:47,0kn(s),46.75049,-48.75016,0,18
18/01/202120:48:49,.5kn(s),46.74985,-48.75297,0.5,18
18/01/202121:17:36,.1kn(s),46.74967,-48.75265,0.1,18
18/01/202122:32:38,.3kn(s),46.74954,-48.75243,0.3,18
18/01/202123:19:08,.3kn(s),46.74962,-48.75254,0.3,18
19/01/202100:20:28,.3kn(s),46.74981,-48.75289,0.3,19
19/01/202100:57:20,.4kn(s),46.7499,-48.75308,0.4,19
19/01/202101:31:19,.3kn(s),46.74987,-48.75299,0.3,19
19/01/202103:21:58,.3kn(s),46.74989,-48.75308,0.3,19
19/01/202103:58:08,.7kn(s),46.75006,-48.75349,0.7,19
19/01/202105:06:30,.3kn(s),46.75013,-48.75377,0.3,19
19/01/202105:21:08,.2kn(s),46.75019,-48.75389,0.2,19
19/01/202106:16:10,.1kn(s),46.75025,-48.75426,0.1,19
19/01/202108:05:36,.3kn(s),46.75028,-48.75627,0.3,19
19/01/202111:29:28,1.1kn(s),46.75318,-48.76046,1.1,19
19/01/202112:12:59,9.4kn(s),46.79979,-48.72426,9.4,19
19/01/202113:54:19,3.3kn(s),46.95942,-48.75561,3.3,19
19/01/202115:38:47,3.6kn(s),47.03642,-48.7493,3.6,19
19/01/202116:59:28,3.1kn(s),47.08059,-48.70489,3.1,19
19/01/202117:59:49,1.8kn(s),47.04613,-48.70914,1.8,19
19/01/202118:10:00,2.1kn(s),47.04018,-48.70602,2.1,19
19/01/202118:42:38,2.1kn(s),47.02149,-48.69906,2.1,19
19/01/202119:17:19,2.5kn(s),47.01449,-48.71523,2.5,19
19/01/202119:55:58,1.6kn(s),47.01659,-48.74397,1.6,19
19/01/202120:27:18,1.9kn(s),47.01292,-48.7647,1.9,19
19/01/202121:00:08,2kn(s),47.00929,-48.78637,2,19
19/01/202121:34:49,2.3kn(s),47.00462,-48.81644,2.3,19
19/01/202122:44:10,2.2kn(s),47.00037,-48.87038,2.2,19
19/01/202122:56:30,2kn(s),46.99985,-48.88003,2,19
19/01/202123:19:00,1.7kn(s),46.99951,-48.89711,1.7,19
19/01/202123:52:18,2.1kn(s),47.00009,-48.91974,2.1,19
20/01/202100:09:08,2kn(s),47.00048,-48.93086,2,20
20/01/202100:30:18,1.8kn(s),47.00129,-48.94563,1.8,20
20/01/202105:17:58,1.6kn(s),47.00522,-49.10919,1.6,20
20/01/202105:52:59,1.5kn(s),47.00835,-49.13066,1.5,20
20/01/202107:00:20,1.9kn(s),47.01547,-49.16719,1.9,20
20/01/202108:41:26,1.4kn(s),47.02404,-49.23074,1.4,20
20/01/202109:36:39,2.5kn(s),47.02716,-49.26748,2.5,20
20/01/202110:27:29,1.7kn(s),47.02996,-49.3057,1.7,20
20/01/202112:57:59,1.2kn(s),47.01343,-49.40805,1.2,20
20/01/202114:40:59,1kn(s),47.00171,-49.44924,1,20
20/01/202117:03:18,2.3kn(s),46.9849,-49.4793,2.3,20
20/01/202117:33:40,2.2kn(s),46.99084,-49.49705,2.2,20
20/01/202117:44:19,1.8kn(s),46.99103,-49.50408,1.8,20
20/01/202118:21:59,2.2kn(s),46.99153,-49.52879,2.2,20
20/01/202119:29:59,1.5kn(s),46.99145,-49.56913,1.5,20
20/01/202120:02:48,1.1kn(s),46.98949,-49.58713,1.1,20
20/01/202120:20:36,1.2kn(s),46.98979,-49.59587,1.2,20
20/01/202121:45:59,1.1kn(s),46.9783,-49.62704,1.1,20
20/01/202122:34:50,2.2kn(s),46.96926,-49.6587,2.2,20
20/01/202122:57:38,2.2kn(s),46.96625,-49.67594,2.2,20
21/01/202100:08:20,2.2kn(s),46.95293,-49.7367,2.2,21
21/01/202100:58:00,3.4kn(s),46.94432,-49.78217,3.4,21
21/01/202102:03:00,6.3kn(s),46.94941,-49.92238,6.3,21
21/01/202102:35:58,6.3kn(s),46.95081,-50.0016,6.3,21
21/01/202103:10:49,6.6kn(s),46.95222,-50.08778,6.6,21
21/01/202105:35:20,6.1kn(s),46.96393,-50.47991,6.1,21
21/01/202106:05:00,6.5kn(s),46.96781,-50.55973,6.5,21
21/01/202106:55:18,6.2kn(s),46.9727,-50.68809,6.2,21
21/01/202107:42:46,6.5kn(s),46.97825,-50.80783,6.5,21
21/01/202108:38:08,6.2kn(s),46.98507,-50.958,6.2,21
21/01/202109:29:40,6.3kn(s),46.98797,-51.0851,6.3,21
21/01/202111:03:10,6.2kn(s),46.99534,-51.32957,6.2,21
21/01/202111:17:39,6.2kn(s),46.99624,-51.3661,6.2,21
21/01/202112:35:57,6.6kn(s),46.99897,-51.57281,6.6,21
21/01/202113:48:09,4.6kn(s),47.00203,-51.7611,4.6,21
21/01/202114:29:31,3.9kn(s),47.00262,-51.82561,3.9,21
21/01/202114:42:03,4kn(s),47.00223,-51.8458,4,21
21/01/202114:57:52,7.1kn(s),47.0012,-51.88135,7.1,21
21/01/202116:02:49,1.6kn(s),47.03582,-51.82467,1.6,21
21/01/202117:17:57,1.9kn(s),47.05051,-51.79792,1.9,21
21/01/202117:52:09,1kn(s),47.06326,-51.793,1,21
21/01/202118:31:59,1.4kn(s),47.07218,-51.79783,1.4,21
21/01/202119:01:30,1.9kn(s),47.07795,-51.80667,1.9,21
21/01/202120:34:57,.4kn(s),47.09028,-51.79827,0.4,21
21/01/202121:25:49,.4kn(s),47.09509,-51.78928,0.4,21
21/01/202122:03:29,1.3kn(s),47.10378,-51.78502,1.3,21
21/01/202123:14:50,1.1kn(s),47.11568,-51.77811,1.1,21
21/01/202123:49:47,1.1kn(s),47.12049,-51.77234,1.1,21
22/01/202102:14:59,2.7kn(s),47.20278,-51.80686,2.7,22
22/01/202102:48:19,1.6kn(s),47.22546,-51.80728,1.6,22
22/01/202103:57:59,5.5kn(s),47.27859,-51.80927,5.5,22
22/01/202106:50:32,4.6kn(s),47.45128,-51.83205,4.6,22
22/01/202107:25:50,4.8kn(s),47.45928,-51.88672,4.8,22
22/01/202107:41:50,4kn(s),47.44671,-51.90653,4,22
22/01/202108:16:26,4.5kn(s),47.4161,-51.94031,4.5,22
22/01/202108:29:51,3.4kn(s),47.4047,-51.95141,3.4,22
22/01/202109:26:39,3.8kn(s),47.35373,-51.99616,3.8,22
22/01/202109:58:41,3.9kn(s),47.32311,-52.02579,3.9,22
22/01/202110:18:31,5.5kn(s),47.30293,-52.04071,5.5,22
22/01/202110:32:19,3.5kn(s),47.28929,-52.05185,3.5,22
22/01/202110:43:20,4.3kn(s),47.27814,-52.0598,4.3,22
22/01/202110:53:59,4.3kn(s),47.26776,-52.06773,4.3,22
22/01/202111:05:09,4.4kn(s),47.25675,-52.076,4.4,22
22/01/202111:25:51,3.5kn(s),47.23621,-52.09183,3.5,22
22/01/202111:36:24,4.1kn(s),47.22579,-52.10018,4.1,22
22/01/202111:46:51,4.1kn(s),47.21559,-52.10869,4.1,22
22/01/202111:58:18,3.5kn(s),47.20459,-52.11798,3.5,22
22/01/202112:09:50,4.6kn(s),47.19316,-52.12778,4.6,22
22/01/202112:20:30,4kn(s),47.18311,-52.13659,4,22
22/01/202112:34:16,7kn(s),47.16887,-52.15249,7,22
22/01/202112:45:23,8.2kn(s),47.15458,-52.13688,8.2,22
22/01/202112:55:40,9.8kn(s),47.14819,-52.09887,9.8,22
22/01/202113:06:10,9.6kn(s),47.1434,-52.05949,9.6,22
22/01/202113:21:51,9.4kn(s),47.13977,-52.00176,9.4,22
22/01/202113:34:32,9.3kn(s),47.13631,-51.95404,9.3,22
22/01/202113:45:50,10.1kn(s),47.13326,-51.90881,10.1,22
22/01/202114:00:38,10.5kn(s),47.12904,-51.85011,10.5,22
22/01/202114:30:48,9.5kn(s),47.11909,-51.72604,9.5,22
22/01/202115:44:30,8.8kn(s),47.10581,-51.44829,8.8,22
22/01/202116:16:30,9.7kn(s),47.10285,-51.32608,9.7,22
22/01/202117:31:39,8.4kn(s),47.09845,-51.0303,8.4,22
22/01/202117:35:20,8.2kn(s),47.09823,-51.01835,8.2,22
22/01/202120:32:10,7.2kn(s),47.10068,-50.49334,7.2,22
22/01/202121:02:40,7.2kn(s),47.09438,-50.40812,7.2,22
22/01/202122:16:49,6.6kn(s),47.0852,-50.2072,6.6,22
22/01/202122:51:40,6.9kn(s),47.07936,-50.1155,6.9,22
22/01/202123:37:58,6.4kn(s),47.07158,-49.99493,6.4,22
23/01/202100:13:50,6.4kn(s),47.06422,-49.90134,6.4,23
23/01/202100:42:59,6.2kn(s),47.05608,-49.8283,6.2,23
23/01/202104:14:09,7.1kn(s),46.99305,-49.28409,7.1,23
23/01/202104:44:28,6.4kn(s),46.98232,-49.19932,6.4,23
23/01/202105:02:48,6.6kn(s),46.9753,-49.15181,6.6,23
23/01/202105:57:58,8.1kn(s),46.95076,-49.00234,8.1,23
23/01/202106:44:47,9.2kn(s),46.93036,-48.84894,9.2,23
23/01/202107:40:58,8.7kn(s),46.88327,-48.69202,8.7,23
23/01/202108:28:19,7.1kn(s),46.79936,-48.7244,7.1,23
23/01/202108:48:07,1.6kn(s),46.7779,-48.73442,1.6,23
23/01/202109:29:28,3.5kn(s),46.74951,-48.73371,3.5,23
23/01/202110:12:08,0kn(s),46.73756,-48.73551,0,23
23/01/202111:50:48,.7kn(s),46.74045,-48.73829,0.7,23
23/01/202112:23:40,1.2kn(s),46.74445,-48.74289,1.2,23
24/01/202111:04:12,10.5kn(s),46.7033,-48.83936,10.5,24
24/01/202112:36:40,13.2kn(s),46.58764,-49.26864,13.2,24
24/01/202115:31:12,13.8kn(s),46.34388,-50.15271,13.8,24
24/01/202116:04:28,14kn(s),46.29374,-50.32238,14,24
24/01/202117:23:13,13.9kn(s),46.25464,-50.75189,13.9,24
24/01/202118:32:42,14.1kn(s),46.25812,-51.14186,14.1,24
24/01/202119:05:54,13.8kn(s),46.26056,-51.32802,13.8,24
24/01/202120:00:36,13.6kn(s),46.26661,-51.63123,13.6,24
24/01/202120:17:28,13.6kn(s),46.2679,-51.72357,13.6,24
24/01/202121:26:36,13.8kn(s),46.27303,-52.10491,13.8,24
24/01/202122:38:36,13.9kn(s),46.27825,-52.49739,13.9,24
24/01/202123:22:56,13.8kn(s),46.27589,-52.74139,13.8,24
24/01/202123:37:30,13.8kn(s),46.27557,-52.82116,13.8,24
24/01/202123:47:54,13.8kn(s),46.27441,-52.87935,13.8,24
24/01/202123:58:48,14kn(s),46.27276,-52.94035,14,24
25/01/202100:14:34,14.3kn(s),46.27191,-53.02916,14.3,25
25/01/202100:25:21,14.4kn(s),46.27249,-53.09092,14.4,25
25/01/202100:36:06,14.4kn(s),46.27303,-53.15339,14.4,25
25/01/202100:46:37,14kn(s),46.27351,-53.21331,14,25
25/01/202101:02:10,14kn(s),46.27445,-53.30089,14,25
25/01/202101:13:02,13.4kn(s),46.27557,-53.3609,13.4,25
25/01/202101:24:08,13kn(s),46.2766,-53.41994,13,25
25/01/202101:35:08,12.9kn(s),46.27775,-53.47701,12.9,25
25/01/202101:56:11,12.9kn(s),46.27937,-53.5851,12.9,25
25/01/202102:18:08,12.7kn(s),46.28088,-53.69649,12.7,25
25/01/202102:29:00,12.8kn(s),46.28118,-53.75176,12.8,25
25/01/202102:39:50,12.7kn(s),46.28199,-53.80702,12.7,25
25/01/202102:50:20,12.7kn(s),46.28315,-53.86099,12.7,25
25/01/202103:00:39,13kn(s),46.28451,-53.91403,13,25
25/01/202103:12:10,12.8kn(s),46.28617,-53.97335,12.8,25
25/01/202103:23:41,12.9kn(s),46.28739,-54.03258,12.9,25
25/01/202103:34:22,12.5kn(s),46.29651,-54.08379,12.5,25
25/01/202103:44:50,12kn(s),46.32169,-54.12024,12,25
25/01/202103:54:53,11.7kn(s),46.34515,-54.15366,11.7,25
25/01/202104:05:59,11.7kn(s),46.37074,-54.19053,11.7,25
25/01/202104:16:31,11.6kn(s),46.39483,-54.22501,11.6,25
25/01/202104:27:02,11.4kn(s),46.41864,-54.25926,11.4,25
25/01/202104:38:00,11.5kn(s),46.44329,-54.29516,11.5,25
25/01/202104:48:32,11.3kn(s),46.46661,-54.32948,11.3,25
25/01/202105:04:32,11.5kn(s),46.50241,-54.38119,11.5,25
25/01/202105:15:08,11.2kn(s),46.52648,-54.41524,11.2,25
25/01/202105:39:51,11.5kn(s),46.58234,-54.49247,11.5,25
25/01/202107:28:01,9.5kn(s),46.84679,-54.54342,9.5,25
25/01/202108:01:48,9.6kn(s),46.92161,-54.47078,9.6,25
25/01/202108:12:49,9.6kn(s),46.94631,-54.44761,9.6,25
25/01/202110:18:32,10kn(s),47.23065,-54.18111,10,25
25/01/202111:05:37,10.2kn(s),47.3449,-54.09814,10.2,25
25/01/202111:41:04,10.8kn(s),47.44306,-54.04843,10.8,25
25/01/202112:02:21,10.6kn(s),47.50217,-54.01565,10.6,25
25/01/202112:16:01,9.6kn(s),47.53935,-54.00921,9.6,25
25/01/202112:27:10,8.6kn(s),47.56694,-54.01624,8.6,25
25/01/202112:38:10,8.3kn(s),47.59225,-54.02276,8.3,25
25/01/202112:48:30,8.2kn(s),47.61567,-54.02882,8.2,25
25/01/202113:05:04,6.9kn(s),47.65007,-54.03791,6.9,25
25/01/202113:15:28,7kn(s),47.66999,-54.04297,7,25
25/01/202113:26:10,7kn(s),47.69054,-54.04781,7,25
25/01/202113:41:39,6.9kn(s),47.7203,-54.05241,6.9,25
25/01/202113:52:31,6.7kn(s),47.74096,-54.05224,6.7,25
25/01/202114:03:59,5.4kn(s),47.76036,-54.05005,5.4,25
25/01/202114:14:49,3.4kn(s),47.76949,-54.03899,3.4,25
25/01/202114:25:51,2.1kn(s),47.77282,-54.02741,2.1,25
25/01/202114:36:41,.6kn(s),47.77479,-54.02304,0.6,25
25/01/202114:48:19,.8kn(s),47.77485,-54.01937,0.8,25
25/01/202114:58:59,.4kn(s),47.77465,-54.01617,0.4,25
25/01/202115:12:49,0kn(s),47.77467,-54.01572,0,25
25/01/202115:29:10,0kn(s),47.77467,-54.0157,0,25
25/01/202116:00:56,0kn(s),47.77466,-54.01568,0,25
25/01/202116:42:45,0kn(s),47.77466,-54.01566,0,25
25/01/202117:03:50,0kn(s),47.77466,-54.01566,0,25
25/01/202117:24:43,0kn(s),47.77466,-54.01566,0,25
25/01/202117:45:46,0kn(s),47.77466,-54.01566,0,25
25/01/202118:06:57,0kn(s),47.77466,-54.01568,0,25
25/01/202118:27:48,0kn(s),47.77464,-54.01568,0,25
25/01/202119:30:41,0kn(s),47.77466,-54.01568,0,25
25/01/202119:51:52,0kn(s),47.77466,-54.01568,0,25
25/01/202120:12:51,0kn(s),47.77466,-54.01568,0,25
25/01/202120:36:53,0kn(s),47.77467,-54.01568,0,25
25/01/202120:57:56,0kn(s),47.77466,-54.01568,0,25
25/01/202122:21:56,0kn(s),47.77466,-54.01566,0,25
25/01/202122:42:49,0kn(s),47.77467,-54.01566,0,25
25/01/202123:03:53,0kn(s),47.77467,-54.01566,0,25
25/01/202123:24:43,0kn(s),47.77467,-54.01568,0,25
26/01/202100:06:48,0kn(s),47.77467,-54.01566,0,26
26/01/202100:27:54,0kn(s),47.77467,-54.01566,0,26
26/01/202100:48:55,0kn(s),47.77466,-54.01566,0,26
26/01/202101:09:49,0kn(s),47.77467,-54.01566,0,26
26/01/202101:30:45,0kn(s),47.77467,-54.01566,0,26
26/01/202101:51:45,0kn(s),47.77467,-54.01566,0,26
26/01/202102:54:46,0kn(s),47.77466,-54.01568,0,26
26/01/202103:15:55,0kn(s),47.77466,-54.01568,0,26
26/01/202103:36:55,0kn(s),47.77466,-54.01568,0,26
26/01/202103:57:44,0kn(s),47.77466,-54.01568,0,26
26/01/202104:18:48,0kn(s),47.77466,-54.01568,0,26
26/01/202104:39:50,0kn(s),47.77467,-54.01566,0,26
26/01/202105:42:41,0kn(s),47.77467,-54.01566,0,26
26/01/202106:03:51,0kn(s),47.77466,-54.01566,0,26
26/01/202106:24:51,0kn(s),47.77466,-54.01566,0,26
26/01/202106:45:43,0kn(s),47.77466,-54.01568,0,26
26/01/202107:06:44,0kn(s),47.77466,-54.01568,0,26
26/01/202107:27:51,0kn(s),47.77466,-54.01568,0,26
26/01/202107:51:52,0kn(s),47.77466,-54.01568,0,26
26/01/202109:45:49,0kn(s),47.77466,-54.01568,0,26
26/01/202110:09:48,0kn(s),47.77465,-54.01568,0,26
26/01/202110:33:42,0kn(s),47.77465,-54.01568,0,26
26/01/202110:57:44,0kn(s),47.77465,-54.01568,0,26
26/01/202111:21:56,0kn(s),47.77464,-54.01568,0,26
26/01/202111:45:47,0kn(s),47.77465,-54.01568,0,26
26/01/202112:09:55,0kn(s),47.77466,-54.01568,0,26
26/01/202112:33:43,0kn(s),47.77466,-54.01566,0,26
26/01/202112:57:46,0kn(s),47.77466,-54.01568,0,26
26/01/202113:22:44,0kn(s),47.77466,-54.01568,0,26
26/01/202113:45:53,0kn(s),47.77467,-54.01566,0,26
26/01/202114:09:46,0kn(s),47.77467,-54.01566,0,26
26/01/202114:29:23,0kn(s),47.77466,-54.01568,0,26
26/01/202114:40:23,0kn(s),47.77466,-54.01568,0,26
26/01/202114:51:13,0kn(s),47.77466,-54.01568,0,26
26/01/202115:03:16,0kn(s),47.77465,-54.01568,0,26
26/01/202115:18:55,3.4kn(s),47.77402,-54.02413,3.4,26
26/01/202115:36:44,11.9kn(s),47.74241,-54.05805,11.9,26
26/01/202115:47:44,13.2kn(s),47.70308,-54.05538,13.2,26
26/01/202115:59:03,14kn(s),47.66065,-54.0446,14,26
26/01/202116:09:32,14.7kn(s),47.61944,-54.03427,14.7,26
26/01/202116:39:02,15.8kn(s),47.49621,-54.01877,15.8,26
26/01/202117:02:43,11.6kn(s),47.41673,-54.09513,11.6,26
26/01/202117:14:24,8.3kn(s),47.38781,-54.1185,8.3,26
26/01/202117:45:50,6.7kn(s),47.32788,-54.15093,6.7,26
26/01/202118:06:25,6.7kn(s),47.29638,-54.18547,6.7,26
26/01/202118:28:03,6.8kn(s),47.26426,-54.217,6.8,26
26/01/202118:48:37,6.6kn(s),47.23287,-54.24998,6.6,26
26/01/202119:09:25,6.5kn(s),47.20308,-54.2828,6.5,26
26/01/202120:37:31,6.4kn(s),47.08085,-54.42457,6.4,26
27/01/202102:28:34,4.9kn(s),46.69852,-54.49998,4.9,27
27/01/202102:42:45,4.8kn(s),46.6877,-54.47692,4.8,27
27/01/202102:55:14,4.9kn(s),46.67813,-54.45711,4.9,27
27/01/202103:09:24,4.8kn(s),46.6668,-54.43468,4.8,27
27/01/202103:22:45,5kn(s),46.65584,-54.41373,5,27
27/01/202103:32:56,5.2kn(s),46.64735,-54.39766,5.2,27
27/01/202103:48:06,5kn(s),46.63444,-54.37385,5,27
27/01/202103:59:36,4.8kn(s),46.6248,-54.35601,4.8,27
27/01/202104:10:28,4.5kn(s),46.61633,-54.33899,4.5,27
27/01/202104:21:07,5kn(s),46.61217,-54.31989,5,27
27/01/202104:31:47,5kn(s),46.61009,-54.29845,5,27
27/01/202104:42:25,5kn(s),46.61018,-54.27714,5,27
27/01/202104:53:15,5kn(s),46.61064,-54.2552,5,27
27/01/202105:03:27,5.2kn(s),46.61154,-54.23414,5.2,27
27/01/202105:14:07,5.3kn(s),46.61276,-54.21172,5.3,27
27/01/202105:24:45,5.4kn(s),46.61297,-54.18866,5.4,27
27/01/202105:35:45,4.9kn(s),46.61287,-54.16506,4.9,27
27/01/202105:46:15,4.4kn(s),46.61235,-54.14552,4.4,27
27/01/202105:57:04,4.2kn(s),46.61135,-54.12644,4.2,27
27/01/202106:08:10,4.2kn(s),46.61045,-54.10775,4.2,27
27/01/202106:18:45,4.3kn(s),46.61009,-54.08958,4.3,27
27/01/202106:29:34,4.3kn(s),46.6102,-54.07093,4.3,27
27/01/202106:40:17,4.5kn(s),46.61087,-54.05227,4.5,27
27/01/202106:51:04,4.4kn(s),46.61193,-54.03301,4.4,27
27/01/202107:01:58,5.2kn(s),46.61332,-54.01175,5.2,27
27/01/202107:22:27,4.1kn(s),46.62035,-53.97393,4.1,27
27/01/202107:33:15,4.7kn(s),46.63288,-53.96833,4.7,27
27/01/202107:43:55,5kn(s),46.64634,-53.9606,5,27
27/01/202107:55:03,5.1kn(s),46.66072,-53.95233,5.1,27
27/01/202108:05:37,5.1kn(s),46.67423,-53.94382,5.1,27
27/01/202108:15:54,5.1kn(s),46.68744,-53.93516,5.1,27
27/01/202108:26:58,5kn(s),46.70157,-53.92608,5,27
27/01/202108:37:45,5kn(s),46.71553,-53.91748,5,27
27/01/202108:54:04,4.7kn(s),46.73567,-53.90569,4.7,27
27/01/202109:15:36,4.6kn(s),46.76112,-53.89173,4.6,27
27/01/202109:26:17,4.6kn(s),46.77362,-53.88435,4.6,27
27/01/202109:37:08,4.7kn(s),46.78645,-53.87603,4.7,27
27/01/202109:47:24,4.8kn(s),46.79882,-53.86768,4.8,27
27/01/202109:58:35,4.8kn(s),46.81235,-53.8582,4.8,27
27/01/202110:09:34,4.9kn(s),46.82571,-53.84889,4.9,27
27/01/202110:30:35,4.9kn(s),46.85142,-53.83159,4.9,27
27/01/202110:41:04,4.8kn(s),46.86453,-53.8232,4.8,27
27/01/202110:56:35,4.7kn(s),46.88357,-53.81061,4.7,27
27/01/202111:07:08,6.7kn(s),46.8995,-53.80045,6.7,27
27/01/202111:19:27,7.1kn(s),46.92167,-53.78715,7.1,27
27/01/202112:42:35,6kn(s),47.0401,-53.63757,6,27
27/01/202123:24:34,8.1kn(s),47.0243,-53.71195,8.1,27
28/01/202100:03:44,6.4kn(s),46.96457,-53.75509,6.4,28
28/01/202100:20:45,6.3kn(s),46.9377,-53.77508,6.3,28
28/01/202100:32:25,6.4kn(s),46.9193,-53.78911,6.4,28
28/01/202100:44:04,6.1kn(s),46.90033,-53.79236,6.1,28
28/01/202100:54:16,6.3kn(s),46.88288,-53.79087,6.3,28
28/01/202101:08:22,6.2kn(s),46.85829,-53.78993,6.2,28
28/01/202101:21:08,6.5kn(s),46.83608,-53.78976,6.5,28
28/01/202101:32:05,6.5kn(s),46.81654,-53.79015,6.5,28
28/01/202101:42:44,6.5kn(s),46.79744,-53.79073,6.5,28
28/01/202101:52:54,6.4kn(s),46.77932,-53.79139,6.4,28
28/01/202102:03:14,6.3kn(s),46.76128,-53.79187,6.3,28
28/01/202102:14:35,6.3kn(s),46.74128,-53.79251,6.3,28
28/01/202102:25:23,6.2kn(s),46.72236,-53.79216,6.2,28
28/01/202102:46:33,6.3kn(s),46.68577,-53.79076,6.3,28
28/01/202102:57:35,6.6kn(s),46.66614,-53.78993,6.6,28
28/01/202103:10:34,6.7kn(s),46.64237,-53.78883,6.7,28
28/01/202103:20:44,6.5kn(s),46.62397,-53.78815,6.5,28
28/01/202103:46:55,6.1kn(s),46.58082,-53.77177,6.1,28
28/01/202103:57:56,6.3kn(s),46.56628,-53.75409,6.3,28
28/01/202104:08:35,6.4kn(s),46.5529,-53.73547,6.4,28
28/01/202104:19:05,6.3kn(s),46.53901,-53.71802,6.3,28
28/01/202104:30:06,6.2kn(s),46.52469,-53.69998,6.2,28
28/01/202104:46:06,6kn(s),46.50417,-53.67448,6,28
28/01/202104:56:46,5.8kn(s),46.49069,-53.6583,5.8,28
28/01/202105:07:54,5.9kn(s),46.47658,-53.64162,5.9,28
28/01/202105:18:43,5.9kn(s),46.46278,-53.62597,5.9,28
28/01/202105:29:26,5.7kn(s),46.44904,-53.6112,5.7,28
28/01/202105:39:56,5.7kn(s),46.43585,-53.59668,5.7,28
28/01/202105:50:37,5.9kn(s),46.42237,-53.58143,5.9,28
28/01/202106:01:35,6.3kn(s),46.40806,-53.56497,6.3,28
28/01/202106:12:28,6.5kn(s),46.39342,-53.54692,6.5,28
28/01/202106:23:12,6.4kn(s),46.37853,-53.52914,6.4,28
28/01/202106:33:36,6.3kn(s),46.36449,-53.51246,6.3,28
28/01/202106:44:34,6.2kn(s),46.34996,-53.49491,6.2,28
28/01/202106:55:24,6.1kn(s),46.33602,-53.4778,6.1,28
28/01/202107:06:04,6.3kn(s),46.32225,-53.45993,6.3,28
28/01/202107:17:54,5.9kn(s),46.30729,-53.441,5.9,28
28/01/202107:28:35,5.8kn(s),46.29438,-53.42587,5.8,28
28/01/202107:39:04,6.1kn(s),46.28201,-53.41002,6.1,28
28/01/202107:49:43,8kn(s),46.27147,-53.38584,8,28
28/01/202108:00:15,9.4kn(s),46.26764,-53.34976,9.4,28
28/01/202108:10:57,9.9kn(s),46.2672,-53.30757,9.9,28
28/01/202108:26:14,9.8kn(s),46.26781,-53.24813,9.8,28
28/01/202108:37:04,10.1kn(s),46.2682,-53.20473,10.1,28
28/01/202108:48:05,10.2kn(s),46.26807,-53.16079,10.2,28
28/01/202108:58:43,10kn(s),46.26759,-53.11807,10,28
28/01/202109:09:15,10.9kn(s),46.26686,-53.07489,10.9,28
28/01/202109:19:55,10.4kn(s),46.26567,-53.02975,10.4,28
28/01/202109:46:16,10.2kn(s),46.26284,-52.92193,10.2,28
28/01/202109:57:03,9.7kn(s),46.2634,-52.87975,9.7,28
28/01/202110:17:06,9.2kn(s),46.26488,-52.80071,9.2,28
28/01/202110:27:45,9kn(s),46.26751,-52.76265,9,28
28/01/202111:45:25,13.6kn(s),46.32062,-52.40972,13.6,28
28/01/202113:29:10,9.7kn(s),46.39548,-52.01245,9.7,28
28/01/202113:59:32,9.7kn(s),46.4153,-51.89836,9.7,28
28/01/202115:18:22,9.7kn(s),46.47124,-51.59837,9.7,28
28/01/202115:50:51,10.5kn(s),46.49506,-51.47227,10.5,28
28/01/202118:45:51,11.9kn(s),46.20354,-51.06427,11.9,28
28/01/202119:36:31,11.4kn(s),46.04848,-50.98976,11.4,28
28/01/202119:58:52,11.3kn(s),45.98254,-50.95632,11.3,28
28/01/202120:12:41,9.3kn(s),45.95535,-50.92419,9.3,28
28/01/202121:11:42,9.1kn(s),45.9942,-50.71582,9.1,28
28/01/202121:23:01,9.4kn(s),46.00095,-50.67435,9.4,28
28/01/202121:57:11,9.7kn(s),46.02443,-50.55149,9.7,28
28/01/202123:03:31,9.7kn(s),46.07656,-50.31962,9.7,28
29/01/202101:22:40,8.6kn(s),46.18721,-49.86138,8.6,29
29/01/202101:59:22,8.6kn(s),46.21709,-49.74338,8.6,29
29/01/202102:33:32,7.3kn(s),46.24441,-49.63943,7.3,29
29/01/202102:47:32,8.7kn(s),46.25605,-49.59783,8.7,29
29/01/202103:36:51,8.2kn(s),46.29875,-49.44543,8.2,29
29/01/202104:29:31,8.2kn(s),46.34239,-49.28388,8.2,29
29/01/202106:14:32,7.7kn(s),46.4182,-48.96881,7.7,29
29/01/202106:41:32,8.9kn(s),46.43831,-48.88623,8.9,29
29/01/202107:04:51,8.8kn(s),46.45924,-48.80652,8.8,29
29/01/202107:59:20,8.9kn(s),46.51138,-48.62639,8.9,29
29/01/202108:50:12,.5kn(s),46.54143,-48.54393,0.5,29
29/01/202109:34:52,.2kn(s),46.54328,-48.53947,0.2,29
29/01/202110:14:30,.6kn(s),46.54684,-48.53143,0.6,29
29/01/202110:43:31,.5kn(s),46.54835,-48.52483,0.5,29
29/01/202111:20:41,.9kn(s),46.55035,-48.51659,0.9,29
30/01/202106:51:49,1kn(s),46.55744,-48.51188,1,30
30/01/202107:05:30,5.4kn(s),46.56489,-48.52361,5.4,30
30/01/202107:49:18,7.5kn(s),46.51643,-48.59613,7.5,30
30/01/202108:02:50,7.5kn(s),46.49038,-48.60942,7.5,30
30/01/202108:39:20,7.5kn(s),46.41963,-48.64555,7.5,30
30/01/202109:15:38,7.4kn(s),46.3507,-48.6807,7.4,30
30/01/202110:22:19,6.8kn(s),46.22618,-48.74316,6.8,30
30/01/202110:55:48,9.3kn(s),46.1565,-48.76477,9.3,30
30/01/202112:05:19,1.8kn(s),46.17189,-48.73911,1.8,30
30/01/202112:40:08,1.2kn(s),46.18079,-48.7248,1.2,30
30/01/202113:50:09,2.6kn(s),46.19904,-48.68722,2.6,30
30/01/202114:00:50,2.3kn(s),46.20282,-48.68066,2.3,30
30/01/202114:40:10,1.6kn(s),46.21326,-48.65711,1.6,30
30/01/202115:13:09,1.8kn(s),46.2242,-48.63813,1.8,30
30/01/202115:44:19,5.1kn(s),46.24142,-48.61626,5.1,30
30/01/202116:22:38,5.7kn(s),46.29369,-48.57753,5.7,30
30/01/202119:09:49,2.7kn(s),46.48681,-48.2792,2.7,30
30/01/202119:24:50,3.1kn(s),46.49843,-48.27988,3.1,30
30/01/202119:46:30,2.7kn(s),46.51475,-48.28198,2.7,30
30/01/202120:02:20,3.3kn(s),46.527,-48.28263,3.3,30
30/01/202120:17:56,3.2kn(s),46.53951,-48.28338,3.2,30
30/01/202121:12:10,2.3kn(s),46.5798,-48.28486,2.3,30
30/01/202121:35:28,2.5kn(s),46.59434,-48.28714,2.5,30
30/01/202122:21:50,2.6kn(s),46.62571,-48.29028,2.6,30
30/01/202123:59:18,2.7kn(s),46.69158,-48.29338,2.7,30
31/01/202100:35:19,3.1kn(s),46.72019,-48.29263,3.1,31
31/01/202100:53:19,2.9kn(s),46.73462,-48.29163,2.9,31
31/01/202101:15:19,2.6kn(s),46.75171,-48.28953,2.6,31
31/01/202101:45:47,2.4kn(s),46.77423,-48.28541,2.4,31
31/01/202102:34:50,3.5kn(s),46.8127,-48.27965,3.5,31
31/01/202103:26:28,3.4kn(s),46.85833,-48.27339,3.4,31
31/01/202104:19:39,3.3kn(s),46.90496,-48.26766,3.3,31
31/01/202105:59:49,6.1kn(s),46.90138,-48.25444,6.1,31
31/01/202107:47:59,4.3kn(s),46.7606,-48.27324,4.3,31
31/01/202108:15:10,4.5kn(s),46.72793,-48.27826,4.5,31
31/01/202108:49:59,3.9kn(s),46.68576,-48.28707,3.9,31
31/01/202109:59:29,8.3kn(s),46.59741,-48.34924,8.3,31
31/01/202111:07:49,.7kn(s),46.55402,-48.46657,0.7,31
31/01/202111:47:49,.8kn(s),46.5503,-48.47223,0.8,31
31/01/202123:37:51,.9kn(s),46.54772,-48.47839,0.9,31
